"sexo","altura","edad","tabaco","ubes","carneRoja","verduras","deporte","drogas","dietaEsp","nivEstPad","nivEstudios","nivIngresos","IMC","Peso"
"M",1.63,18,0,0,0,5,0,2,"S",0,1,2,22.999994165117,61.1086844972993
"V",1.68,35,0,1,1,6,0,0,"N",1,3,2,22.999994165117,64.9151835316261
"V",1.77,39,30,13,0,0,6,0,"N",2,3,1,21.612779225584,67.7106760358321
"M",1.59,57,60,4,4,16,15,0,"N",2,2,2,20.225564286051,51.1322490715656
"M",1.58,18,0,3,1,0,7,0,"N",2,4,4,22.999994165117,57.417185433798
"M",1.66,35,160,0,0,0,4,0,"N",0,2,3,15.6015144876078,42.991533322052
"V",1.75,46,140,3,1,0,0,0,"S",0,1,0,16.5263244472964,50.6118686198453
"M",1.73,54,0,0,0,9,4,0,"N",0,0,1,22.999994165117,68.8366825367786
"V",1.67,18,0,0,0,11,0,0,"S",1,2,3,22.999994165117,64.1446837270947
"V",1.74,53,0,3,1,4,0,0,"N",1,2,1,22.999994165117,69.6347823343081
"V",1.76,32,0,19,0,21,13,0,"N",0,1,2,22.999994165117,71.2447819258663
"V",1.85,33,0,0,1,14,2,0,"N",1,2,2,22.999994165117,78.7174800301128
"M",1.65,29,0,6,0,7,4,0,"N",1,1,1,22.999994165117,62.6174841145309
"M",1.66,35,0,0,1,0,0,0,"N",0,1,2,22.999994165117,63.3787839213963
"V",1.77,25,0,0,0,0,1,0,"N",1,2,2,22.999994165117,72.056681719895
"M",1.71,45,0,0,4,8,0,0,"N",1,1,3,22.999994165117,67.2542829382185
"M",1.73,38,0,0,2,8,0,0,"N",0,0,2,22.999994165117,68.8366825367786
"V",1.78,37,0,15,2,2,0,1,"N",3,4,4,22.999994165117,72.8731815127566
"M",1.51,29,0,3,0,8,0,0,"N",1,2,1,22.999994165117,52.4422866958832
"M",1.58,46,20,15,3,17,14,0,"N",2,4,4,22.0751842054283,55.1084898504313
"V",1.66,56,0,0,0,0,7,0,"N",1,3,3,22.999994165117,63.3787839213963
"M",1.61,31,0,26,5,0,3,0,"N",0,0,0,22.999994165117,59.6182848753997
"V",1.79,68,0,6,5,6,8,0,"N",1,2,2,22.999994165117,73.6942813044513
"M",1.61,53,0,0,3,10,17,5,"N",1,2,3,22.999994165117,59.6182848753997
"V",1.75,18,0,0,0,18,8,0,"N",0,0,0,22.999994165117,70.4374821306707
"V",1.86,49,30,7,0,2,0,0,"N",2,2,2,21.612779225584,74.7715710088304
"V",1.8,18,0,0,9,0,4,0,"N",2,3,4,22.999994165117,74.519981094979
"V",1.77,37,0,0,0,4,2,0,"N",0,0,0,22.999994165117,72.056681719895
"M",1.65,29,70,0,6,0,0,0,"N",1,2,2,19.7631593062067,53.8052012111477
"M",1.6,31,90,0,4,11,7,0,"N",2,3,4,18.8383493465181,48.2261743270862
"V",1.7,26,0,0,6,5,2,0,"N",2,1,2,22.999994165117,66.469983137188
"V",1.74,18,0,6,0,9,9,0,"N",1,2,2,22.999994165117,69.6347823343081
"M",1.67,18,0,0,4,0,3,0,"S",1,1,0,22.999994165117,64.1446837270947
"M",1.68,27,0,0,0,0,0,0,"N",0,2,4,22.999994165117,64.9151835316261
"V",1.81,47,10,0,0,0,0,0,"N",3,3,3,22.5375891852726,73.8353959298717
"M",1.59,21,120,0,1,0,6,1,"S",0,1,1,17.4511344069851,44.118212894299
"V",1.67,61,0,1,0,0,0,0,"N",0,2,0,22.999994165117,64.1446837270947
"V",1.83,44,140,1,2,14,12,0,"N",2,3,3,16.5263244472964,55.3450079415511
"M",1.62,29,0,0,3,8,0,0,"N",0,3,3,22.999994165117,60.361184686933
"V",1.73,73,0,0,0,0,0,0,"N",1,2,2,22.999994165117,68.8366825367786
"M",1.68,48,90,0,4,0,0,0,"N",0,0,1,18.8383493465181,53.1693571956125
"M",1.67,18,0,0,0,0,0,0,"N",2,3,2,22.999994165117,64.1446837270947
"M",1.66,65,0,0,2,0,0,0,"N",1,2,2,22.999994165117,63.3787839213963
"M",1.65,36,0,2,0,23,6,0,"N",1,2,2,22.999994165117,62.6174841145309
"V",1.7,40,0,11,4,0,1,0,"N",1,1,2,22.999994165117,66.469983137188
"M",1.7,46,0,0,0,6,0,0,"N",0,1,2,22.999994165117,66.469983137188
"V",1.73,27,50,0,2,0,0,0,"N",2,4,4,20.6879692658953,61.9170232158982
"M",1.66,62,0,0,0,1,2,0,"N",0,2,0,22.999994165117,63.3787839213963
"M",1.61,42,0,3,3,13,2,8,"S",0,0,1,22.999994165117,59.6182848753997
"M",1.64,37,0,7,2,6,3,4,"S",1,2,3,22.999994165117,61.8607843064986
"M",1.69,25,0,5,0,3,1,0,"N",2,3,2,22.999994165117,65.6902833349906
"V",1.72,18,0,0,2,0,0,0,"N",1,4,4,22.999994165117,68.043182738082
"M",1.63,63,0,7,0,12,0,0,"N",2,3,3,22.999994165117,61.1086844972993
"V",1.77,44,0,0,1,14,2,0,"N",2,4,3,22.999994165117,72.056681719895
"V",1.68,46,190,0,6,0,0,0,"N",2,3,3,14.2142995480748,40.1184390444864
"V",1.77,33,20,0,2,10,3,0,"N",0,1,2,22.0751842054283,69.1593445971864
"M",1.65,28,0,0,4,0,0,0,"N",0,0,1,22.999994165117,62.6174841145309
"M",1.7,27,0,0,4,4,0,0,"N",0,0,2,22.999994165117,66.469983137188
"V",1.73,45,0,0,5,0,0,0,"N",0,0,0,22.999994165117,68.8366825367786
"V",1.68,35,0,7,1,1,6,0,"N",2,1,2,22.999994165117,64.9151835316261
"V",1.75,29,0,0,1,12,0,0,"N",2,3,4,22.999994165117,70.4374821306707
"V",1.71,58,0,0,0,4,8,0,"N",0,1,0,22.999994165117,67.2542829382185
"V",1.76,34,0,0,0,16,9,0,"S",0,1,1,22.999994165117,71.2447819258663
"V",1.82,39,0,2,1,0,1,0,"N",2,4,4,22.999994165117,76.1851806725334
"M",1.65,44,0,12,7,0,0,0,"N",2,4,4,22.999994165117,62.6174841145309
"V",1.58,37,50,3,2,0,2,0,"N",1,4,4,20.6879692658953,51.6454464753812
"V",1.79,47,0,0,0,22,15,0,"N",2,4,3,22.999994165117,73.6942813044513
"M",1.63,44,150,0,0,0,2,0,"N",0,1,0,16.0639194674521,42.6802276330735
"V",1.76,32,0,0,0,12,10,0,"N",0,0,0,22.999994165117,71.2447819258663
"M",1.68,33,0,0,1,4,9,0,"N",1,1,2,22.999994165117,64.9151835316261
"V",1.85,23,0,7,4,18,13,0,"N",2,2,2,22.999994165117,78.7174800301128
"M",1.65,43,0,0,1,14,7,0,"N",2,3,3,22.999994165117,62.6174841145309
"M",1.64,48,0,14,6,0,2,0,"N",3,4,2,22.999994165117,61.8607843064986
"V",1.76,32,0,0,1,0,1,0,"N",3,4,2,22.999994165117,71.2447819258663
"V",1.71,60,0,0,0,0,0,0,"N",0,2,2,22.999994165117,67.2542829382185
"M",1.69,71,0,6,6,0,1,3,"N",0,1,0,22.999994165117,65.6902833349906
"M",1.51,18,80,0,5,2,0,8,"N",0,1,3,19.3007543263624,44.0076499395389
"V",1.69,57,0,5,5,0,0,0,"N",0,1,1,22.999994165117,65.6902833349906
"M",1.64,45,10,0,1,7,9,0,"N",2,1,0,22.5375891852726,60.6170998727093
"M",1.65,39,0,0,2,0,0,0,"N",1,2,1,22.999994165117,62.6174841145309
"V",1.78,24,120,3,2,1,2,0,"N",1,2,2,17.4511344069851,55.2921742550915
"V",1.68,31,0,7,0,0,0,0,"N",2,1,1,22.999994165117,64.9151835316261
"V",1.83,32,0,0,0,9,8,2,"N",2,4,4,22.999994165117,77.0246804595602
"V",1.82,23,0,0,0,7,0,0,"N",1,2,1,22.999994165117,76.1851806725334
"M",1.65,18,0,2,2,4,0,3,"N",3,4,3,22.999994165117,62.6174841145309
"M",1.7,50,0,2,0,8,0,1,"N",1,2,3,22.999994165117,66.469983137188
"M",1.65,41,0,5,1,6,4,0,"N",1,3,1,22.999994165117,62.6174841145309
"V",1.63,34,0,1,0,6,7,0,"N",2,3,3,22.999994165117,61.1086844972993
"V",1.79,52,0,5,3,5,6,1,"N",0,2,3,22.999994165117,73.6942813044513
"M",1.7,49,0,0,0,0,0,0,"N",1,3,4,22.999994165117,66.469983137188
"V",1.72,44,40,12,2,4,8,4,"N",3,3,4,21.1503742457397,62.5712671685962
"V",1.73,30,0,3,0,0,0,0,"N",0,2,3,22.999994165117,68.8366825367786
"M",1.68,18,10,11,2,0,1,0,"N",0,1,2,22.5375891852726,63.6100917165135
"V",1.77,39,40,0,0,14,4,0,"N",1,1,1,21.1503742457397,66.2620074744778
"V",1.75,43,0,6,2,0,1,0,"N",0,1,1,22.999994165117,70.4374821306707
"M",1.66,59,0,0,4,0,12,0,"N",1,3,2,22.999994165117,63.3787839213963
"M",1.64,51,0,0,3,10,0,0,"N",1,1,0,22.999994165117,61.8607843064986
"V",1.7,32,0,11,5,0,0,0,"N",3,4,4,22.999994165117,66.469983137188
"V",1.78,31,130,24,1,5,1,0,"N",0,1,0,16.9887294271408,53.8270903169528
"M",1.56,36,0,12,5,7,4,0,"N",0,1,1,22.999994165117,55.9727858002287
"M",1.55,62,20,10,0,0,4,0,"N",1,2,3,22.0751842054283,53.0356300535415
"M",1.64,33,0,0,0,9,0,3,"N",0,3,3,22.999994165117,61.8607843064986
"M",1.57,18,0,0,0,14,17,0,"N",2,2,2,22.999994165117,56.6926856175968
"V",1.74,42,0,0,3,0,4,0,"N",1,2,0,22.999994165117,69.6347823343081
"M",1.67,28,0,0,0,18,20,0,"N",2,2,1,22.999994165117,64.1446837270947
"V",1.8,51,80,0,1,14,8,0,"N",2,1,1,19.3007543263624,62.5344440174141
"M",1.65,30,0,3,3,0,1,0,"N",2,1,0,22.999994165117,62.6174841145309
"M",1.57,51,0,0,0,0,0,0,"N",1,2,2,22.999994165117,56.6926856175968
"M",1.58,45,120,1,0,5,3,0,"N",0,1,0,17.4511344069851,43.5650119335976
"M",1.61,40,0,0,0,0,5,0,"N",0,2,2,22.999994165117,59.6182848753997
"V",1.73,27,90,3,2,2,0,0,"N",1,1,0,18.8383493465181,56.3812957591939
"V",1.71,51,40,16,0,0,0,0,"N",0,2,1,21.1503742457397,61.8458093319674
"V",1.81,40,10,0,1,11,2,0,"N",1,2,3,22.5375891852726,73.8353959298717
"V",1.82,45,0,0,0,3,0,0,"N",1,1,1,22.999994165117,76.1851806725334
"M",1.55,51,0,16,2,10,0,0,"N",0,0,0,22.999994165117,55.2574859816935
"V",1.79,32,20,13,5,0,8,0,"N",2,3,3,22.0751842054283,70.7310977126129
"M",1.69,34,0,22,0,10,11,0,"S",0,0,1,22.999994165117,65.6902833349906
"M",1.64,34,0,0,0,7,0,0,"N",2,3,2,22.999994165117,61.8607843064986
"V",1.74,60,0,7,1,0,0,0,"N",0,1,3,22.999994165117,69.6347823343081
"V",1.76,64,0,0,3,2,2,0,"N",3,3,3,22.999994165117,71.2447819258663
"M",1.66,21,100,0,2,4,0,0,"N",1,1,1,18.3759443666737,50.6367522968061
"V",1.66,43,0,0,2,0,0,0,"S",1,2,3,22.999994165117,63.3787839213963
"M",1.71,21,10,0,0,0,0,0,"N",1,3,3,22.5375891852726,65.9021645366557
"V",1.8,35,0,3,3,11,3,0,"S",1,3,3,22.999994165117,74.519981094979
"M",1.72,42,50,6,0,1,3,0,"N",1,2,4,20.6879692658953,61.2032882762248
"V",1.75,43,0,0,0,6,4,0,"N",1,2,4,22.999994165117,70.4374821306707
"M",1.75,32,0,0,5,1,5,0,"S",1,1,1,22.999994165117,70.4374821306707
"M",1.61,40,0,0,2,0,0,0,"N",2,3,4,22.999994165117,59.6182848753997
"V",1.74,51,20,0,0,9,12,0,"N",3,3,2,22.0751842054283,66.8348277003548
"V",1.78,41,30,14,3,0,0,0,"N",3,4,3,21.612779225584,68.4779296983403
"V",1.7,38,0,3,2,4,5,0,"N",3,4,4,22.999994165117,66.469983137188
"V",1.73,38,0,0,0,18,14,0,"N",0,1,1,22.999994165117,68.8366825367786
"M",1.64,43,170,0,2,0,10,4,"N",1,2,2,15.1391095077635,40.7181489320806
"V",1.75,42,70,0,4,3,7,0,"N",0,1,1,19.7631593062067,60.524675375258
"V",1.81,18,0,6,0,0,0,0,"N",3,4,4,22.999994165117,75.3502808843397
"M",1.64,36,0,0,0,13,1,0,"N",1,0,0,22.999994165117,61.8607843064986
"V",1.71,40,0,0,9,0,0,0,"N",2,4,3,22.999994165117,67.2542829382185
"V",1.75,34,0,0,6,3,9,3,"N",3,4,4,22.999994165117,70.4374821306707
"M",1.65,44,0,0,0,18,6,0,"N",0,0,1,22.999994165117,62.6174841145309
"M",1.69,18,0,0,2,22,0,0,"N",2,4,2,22.999994165117,65.6902833349906
"M",1.68,56,0,0,3,10,0,0,"N",2,2,1,22.999994165117,64.9151835316261
"V",1.76,66,20,0,0,0,0,0,"N",0,0,1,22.0751842054283,68.3800905947348
"V",1.8,23,0,15,3,0,4,0,"N",1,2,2,22.999994165117,74.519981094979
"M",1.68,55,0,0,3,7,0,0,"N",2,3,3,22.999994165117,64.9151835316261
"V",1.71,38,0,9,0,0,6,0,"N",3,4,3,22.999994165117,67.2542829382185
"M",1.65,24,0,0,1,4,1,0,"S",1,3,4,22.999994165117,62.6174841145309
"V",1.73,51,0,0,1,13,9,0,"N",2,2,1,22.999994165117,68.8366825367786
"M",1.71,20,0,3,0,0,0,0,"N",2,3,2,22.999994165117,67.2542829382185
"M",1.62,32,0,0,0,21,7,0,"S",1,4,4,22.999994165117,60.361184686933
"V",1.76,72,0,3,4,0,1,0,"N",1,2,2,22.999994165117,71.2447819258663
"M",1.68,64,130,0,0,16,9,1,"N",0,0,0,16.9887294271408,47.9489899351621
"V",1.79,22,30,0,3,0,4,0,"N",2,4,4,21.612779225584,69.2495059166937
"M",1.65,18,0,0,2,0,0,0,"N",2,3,4,22.999994165117,62.6174841145309
"V",1.65,53,0,4,0,5,4,0,"N",1,3,3,22.999994165117,62.6174841145309
"V",1.74,35,0,8,1,9,0,0,"N",1,2,4,22.999994165117,69.6347823343081
"V",1.73,26,30,1,1,4,6,0,"N",3,4,4,21.612779225584,64.6848869442503
"M",1.71,38,0,0,0,0,5,0,"N",0,0,1,22.999994165117,67.2542829382185
"V",1.81,48,0,0,3,0,0,0,"N",1,0,0,22.999994165117,75.3502808843397
"V",1.78,65,70,0,2,0,5,0,"N",1,2,1,19.7631593062067,62.6175939457853
"M",1.7,42,30,0,1,6,12,6,"N",4,4,4,21.612779225584,62.4609319619377
"M",1.61,39,60,0,0,5,9,2,"S",2,3,2,20.225564286051,52.4266851858729
"M",1.69,51,0,5,2,0,0,0,"N",1,4,4,22.999994165117,65.6902833349906
"M",1.69,52,50,0,3,0,5,0,"S",0,0,1,20.6879692658953,59.0869090203237
"V",1.59,18,0,0,0,10,5,0,"N",0,1,1,22.999994165117,58.1462852488322
"M",1.7,49,0,0,2,0,0,0,"S",2,3,3,22.999994165117,66.469983137188
"V",1.76,34,0,26,1,5,1,0,"N",2,2,1,22.999994165117,71.2447819258663
"M",1.64,27,0,0,0,0,0,2,"N",1,1,1,22.999994165117,61.8607843064986
"V",1.71,49,30,2,2,2,3,0,"N",1,2,2,21.612779225584,63.1979277335302
"V",1.75,21,50,3,4,13,7,0,"N",1,2,2,20.6879692658953,63.3569058768045
"V",1.66,53,0,2,1,18,7,0,"N",1,2,3,22.999994165117,63.3787839213963
"M",1.63,47,30,9,2,7,0,2,"N",1,2,2,21.612779225584,57.4229931244541
"V",1.75,50,0,0,4,0,7,0,"N",2,2,3,22.999994165117,70.4374821306707
"V",1.69,48,0,0,0,15,13,0,"N",0,0,0,22.999994165117,65.6902833349906
"V",1.7,46,0,0,0,0,2,0,"N",0,0,3,22.999994165117,66.469983137188
"M",1.56,45,0,3,7,0,1,0,"N",0,1,0,22.999994165117,55.9727858002287
"M",1.66,57,0,12,7,0,4,0,"N",1,2,2,22.999994165117,63.3787839213963
"V",1.87,42,0,0,1,0,4,0,"S",1,3,3,22.999994165117,80.4286795959975
"V",1.72,43,20,7,6,19,19,1,"N",2,2,1,22.0751842054283,65.3072249533391
"M",1.61,47,0,0,0,14,6,0,"N",3,4,2,22.999994165117,59.6182848753997
"V",1.79,19,0,0,4,0,0,0,"N",0,1,1,22.999994165117,73.6942813044513
"M",1.68,35,0,2,0,0,0,0,"N",1,2,1,22.999994165117,64.9151835316261
"M",1.76,24,0,5,2,0,0,0,"N",0,1,2,22.999994165117,71.2447819258663
"V",1.73,42,0,12,0,8,2,0,"N",1,3,2,22.999994165117,68.8366825367786
"M",1.62,57,0,5,0,19,3,0,"N",1,1,1,22.999994165117,60.361184686933
"V",1.87,32,90,1,5,2,1,2,"N",0,2,0,18.8383493465181,65.875823829839
"V",1.69,52,0,20,0,9,8,0,"N",1,2,1,22.999994165117,65.6902833349906
"V",1.76,24,0,0,0,0,0,0,"N",1,2,2,22.999994165117,71.2447819258663
"M",1.63,46,0,0,3,12,7,0,"S",2,4,4,22.999994165117,61.1086844972993
"V",1.78,49,90,1,0,0,0,4,"N",1,3,1,18.8383493465181,59.6874260695078
"V",1.73,42,0,14,0,1,0,0,"N",0,1,1,22.999994165117,68.8366825367786
"V",1.85,18,0,0,0,0,0,0,"N",2,3,2,22.999994165117,78.7174800301128
"M",1.63,61,10,0,1,12,3,0,"N",2,1,2,22.5375891852726,59.8801207063509
"V",1.66,43,0,7,0,2,0,0,"N",0,2,3,22.999994165117,63.3787839213963
"M",1.61,72,0,0,2,0,0,0,"S",0,1,1,22.999994165117,59.6182848753997
"V",1.74,36,0,0,0,27,18,0,"S",1,1,2,22.999994165117,69.6347823343081
"V",1.77,19,0,0,4,0,0,0,"N",2,3,4,22.999994165117,72.056681719895
"M",1.58,51,0,7,3,2,0,0,"N",1,2,2,22.999994165117,57.417185433798
"M",1.65,40,0,10,0,15,8,0,"N",1,2,3,22.999994165117,62.6174841145309
"V",1.82,46,0,0,0,28,18,0,"N",2,0,0,22.999994165117,76.1851806725334
"V",1.82,41,70,0,3,4,3,0,"N",4,4,2,19.7631593062067,65.4634888858791
"V",1.74,54,0,0,1,0,0,1,"N",1,1,2,22.999994165117,69.6347823343081
"V",1.73,44,0,0,1,2,0,2,"N",2,4,3,22.999994165117,68.8366825367786
"M",1.66,37,0,8,0,10,8,0,"N",1,2,2,22.999994165117,63.3787839213963
"V",1.74,29,10,0,0,0,0,0,"N",3,4,4,22.5375891852726,68.2348050173315
"M",1.62,53,10,1,0,0,0,1,"N",1,1,0,22.5375891852726,59.1476490578295
"V",1.74,49,0,2,2,0,1,0,"S",0,3,2,22.999994165117,69.6347823343081
"M",1.71,44,0,0,0,7,0,0,"N",1,1,1,22.999994165117,67.2542829382185
"V",1.79,39,0,5,0,0,0,0,"N",3,4,2,22.999994165117,73.6942813044513
"V",1.78,18,0,0,2,19,9,0,"N",3,4,3,22.999994165117,72.8731815127566
"M",1.73,45,20,1,5,0,0,0,"N",2,3,3,22.0751842054283,66.0688188084264
"V",1.7,26,0,0,6,6,5,0,"N",0,1,1,22.999994165117,66.469983137188
"M",1.64,30,0,0,0,5,10,0,"N",2,3,4,22.999994165117,61.8607843064986
"V",1.78,24,0,0,6,0,0,0,"N",2,3,2,22.999994165117,72.8731815127566
"V",1.69,38,0,0,0,11,8,0,"N",2,3,3,22.999994165117,65.6902833349906
"M",1.72,49,50,0,0,10,4,0,"N",1,2,4,20.6879692658953,61.2032882762248
"V",1.74,18,0,0,0,11,1,0,"N",1,0,0,22.999994165117,69.6347823343081
"M",1.62,34,0,13,0,5,1,0,"N",0,1,0,22.999994165117,60.361184686933
"M",1.67,41,0,1,5,0,5,0,"N",2,3,1,22.999994165117,64.1446837270947
"V",1.72,35,0,0,0,15,0,0,"N",1,3,2,22.999994165117,68.043182738082
"V",1.8,36,0,10,1,8,1,0,"N",1,2,1,22.999994165117,74.519981094979
"M",1.63,53,0,0,0,6,0,0,"S",0,2,1,22.999994165117,61.1086844972993
"M",1.67,60,20,0,3,2,1,0,"N",0,0,0,22.0751842054283,61.565481230519
"V",1.76,44,70,0,7,0,7,0,"N",4,2,2,19.7631593062067,61.2183622669059
"V",1.81,48,20,15,2,0,0,7,"N",2,2,2,22.0751842054283,72.3205109754037
"V",1.86,41,0,9,0,9,0,3,"N",2,2,0,22.999994165117,79.5707798136387
"M",1.63,59,0,3,3,0,2,0,"N",0,1,2,22.999994165117,61.1086844972993
"M",1.63,38,50,0,1,17,15,0,"N",3,2,2,20.6879692658953,54.9658655425573
"V",1.77,52,0,0,0,11,3,0,"S",1,3,3,22.999994165117,72.056681719895
"V",1.71,39,0,1,0,5,0,0,"N",1,2,1,22.999994165117,67.2542829382185
"V",1.71,37,0,10,1,15,15,0,"N",3,4,4,22.999994165117,67.2542829382185
"M",1.63,54,0,0,0,0,0,7,"N",1,2,2,22.999994165117,61.1086844972993
"M",1.73,21,10,2,1,3,4,4,"N",2,3,2,22.5375891852726,67.4527506726025
"V",1.7,44,0,2,0,0,0,0,"N",2,3,1,22.999994165117,66.469983137188
"V",1.81,51,0,0,1,0,0,0,"S",2,4,4,22.999994165117,75.3502808843397
"V",1.77,45,0,0,0,21,15,0,"S",1,0,0,22.999994165117,72.056681719895
"V",1.75,18,220,0,2,0,0,7,"N",1,1,0,12.8270846085418,39.2829466136594
"M",1.62,57,0,0,0,5,1,0,"N",2,1,2,22.999994165117,60.361184686933
"M",1.6,24,140,0,2,0,4,7,"N",2,2,1,16.5263244472964,42.3073905850789
"V",1.83,35,40,3,4,0,2,0,"N",1,1,2,21.1503742457397,70.8304883115576
"M",1.62,45,0,10,0,0,4,0,"N",1,1,0,22.999994165117,60.361184686933
"V",1.77,45,10,1,0,10,0,0,"N",2,3,4,22.5375891852726,70.6080131585407
"M",1.73,25,20,0,6,0,1,0,"N",2,2,2,22.0751842054283,66.0688188084264
"M",1.69,41,0,0,0,0,3,0,"N",0,1,1,22.999994165117,65.6902833349906
"V",1.78,66,0,1,1,20,6,0,"N",1,2,2,22.999994165117,72.8731815127566
"M",1.71,62,80,3,5,10,3,0,"N",1,1,3,19.3007543263624,56.4373357257162
"M",1.7,18,0,4,0,4,3,0,"N",2,4,4,22.999994165117,66.469983137188
"M",1.68,45,0,0,0,0,4,0,"N",0,1,1,22.999994165117,64.9151835316261
"V",1.78,59,0,4,0,7,18,3,"N",2,3,2,22.999994165117,72.8731815127566
"V",1.76,30,0,6,3,1,11,0,"N",1,2,2,22.999994165117,71.2447819258663
"V",1.74,51,0,0,5,0,0,0,"S",1,1,1,22.999994165117,69.6347823343081
"V",1.68,50,0,2,3,16,4,0,"S",2,4,4,22.999994165117,64.9151835316261
"V",1.78,51,220,0,3,2,0,0,"N",0,0,1,12.8270846085418,40.641334873704
"M",1.7,39,0,8,5,0,0,0,"N",2,3,3,22.999994165117,66.469983137188
"V",1.7,67,10,0,7,0,0,0,"N",3,4,3,22.5375891852726,65.1336327454379
"V",1.82,25,0,0,1,4,4,0,"N",2,2,1,22.999994165117,76.1851806725334
"V",1.68,19,0,27,1,0,4,0,"N",0,2,3,22.999994165117,64.9151835316261
"V",1.63,59,150,3,3,10,9,0,"N",2,2,1,16.0639194674521,42.6802276330735
"M",1.7,50,0,0,2,1,6,0,"N",2,4,4,22.999994165117,66.469983137188
"M",1.65,56,100,0,2,6,2,5,"N",2,0,2,18.3759443666737,50.0285085382692
"V",1.77,66,140,0,4,4,7,0,"N",1,2,2,16.5263244472964,51.775321860935
"M",1.58,66,0,0,5,0,8,0,"N",1,2,3,22.999994165117,57.417185433798
"V",1.82,36,0,5,7,6,4,0,"N",2,4,4,22.999994165117,76.1851806725334
"M",1.67,18,100,0,0,6,3,0,"N",2,4,4,18.3759443666737,51.2486712442164
"V",1.75,18,110,0,0,4,0,0,"N",0,3,4,17.9135393868294,54.8602143721651
"M",1.69,18,0,16,2,1,0,0,"N",2,2,2,22.999994165117,65.6902833349906
"V",1.78,53,120,0,7,0,9,0,"N",0,0,0,17.4511344069851,55.2921742550915
"M",1.57,63,90,1,0,19,7,0,"N",2,2,2,18.8383493465181,46.4346473042324
"M",1.59,58,0,7,4,0,0,7,"N",2,3,1,22.999994165117,58.1462852488322
"V",1.73,27,80,6,5,0,0,1,"N",2,2,3,19.3007543263624,57.76522762337
"V",1.72,60,0,0,3,0,0,0,"N",2,2,2,22.999994165117,68.043182738082
"M",1.74,41,0,6,0,5,0,0,"N",1,1,2,22.999994165117,69.6347823343081
"V",1.74,28,0,0,1,0,0,0,"N",0,3,2,22.999994165117,69.6347823343081
"M",1.65,37,0,7,2,0,0,0,"N",2,2,4,22.999994165117,62.6174841145309
"M",1.62,44,0,1,1,5,11,0,"N",1,2,1,22.999994165117,60.361184686933
"V",1.73,18,50,3,0,0,0,0,"N",0,1,1,20.6879692658953,61.9170232158982
"V",1.78,60,0,1,0,0,0,0,"N",1,3,4,22.999994165117,72.8731815127566
"M",1.59,34,0,8,2,12,11,0,"N",3,3,3,22.999994165117,58.1462852488322
"M",1.76,18,0,11,5,0,7,0,"N",1,1,0,22.999994165117,71.2447819258663
"V",1.79,31,0,7,2,1,6,3,"N",1,0,0,22.999994165117,73.6942813044513
"V",1.74,51,0,0,0,7,8,0,"S",2,3,2,22.999994165117,69.6347823343081
"M",1.67,53,0,0,7,0,0,0,"N",2,3,2,22.999994165117,64.1446837270947
"M",1.64,26,0,3,1,3,3,0,"N",2,2,2,22.999994165117,61.8607843064986
"V",1.7,31,0,8,2,0,2,0,"N",2,4,4,22.999994165117,66.469983137188
"M",1.61,25,0,9,7,0,1,0,"N",2,2,1,22.999994165117,59.6182848753997
"M",1.61,39,0,0,1,4,0,0,"N",2,2,1,22.999994165117,59.6182848753997
"V",1.83,45,0,18,0,0,3,0,"N",2,2,2,22.999994165117,77.0246804595602
"M",1.68,37,0,4,1,1,3,0,"N",1,3,3,22.999994165117,64.9151835316261
"V",1.81,45,0,2,0,9,3,0,"N",0,2,1,22.999994165117,75.3502808843397
"M",1.61,41,0,3,0,3,0,0,"N",1,3,0,22.999994165117,59.6182848753997
"M",1.69,48,0,0,5,0,7,0,"N",1,1,1,22.999994165117,65.6902833349906
"M",1.68,73,0,0,2,0,0,0,"N",0,0,2,22.999994165117,64.9151835316261
"V",1.72,45,0,14,1,8,12,0,"N",0,0,0,22.999994165117,68.043182738082
"M",1.69,52,0,2,0,0,4,0,"N",3,4,4,22.999994165117,65.6902833349906
"M",1.63,41,0,5,1,12,2,0,"N",1,3,4,22.999994165117,61.1086844972993
"M",1.69,35,10,0,6,8,12,0,"N",2,4,4,22.5375891852726,64.3696084720572
"M",1.72,21,0,0,6,10,3,0,"N",2,1,1,22.999994165117,68.043182738082
"M",1.59,52,0,0,2,11,6,1,"N",0,0,1,22.999994165117,58.1462852488322
"M",1.63,18,0,23,3,8,0,0,"N",3,3,2,22.999994165117,61.1086844972993
"V",1.77,54,0,8,0,22,8,10,"N",2,3,3,22.999994165117,72.056681719895
"M",1.57,18,0,0,0,10,3,0,"N",2,2,1,22.999994165117,56.6926856175968
"V",1.75,37,0,0,4,2,4,0,"N",2,4,4,22.999994165117,70.4374821306707
"V",1.68,55,0,27,4,4,2,0,"N",2,4,4,22.999994165117,64.9151835316261
"V",1.67,59,0,14,0,0,2,0,"N",1,1,2,22.999994165117,64.1446837270947
"M",1.61,18,0,4,0,8,0,0,"N",0,0,0,22.999994165117,59.6182848753997
"M",1.65,45,0,15,0,0,0,0,"N",3,4,4,22.999994165117,62.6174841145309
"V",1.74,21,0,0,6,21,11,0,"N",1,1,3,22.999994165117,69.6347823343081
"V",1.71,18,60,5,0,5,8,0,"N",1,4,4,20.225564286051,59.1415725288418
"V",1.7,44,50,3,0,0,0,0,"N",1,2,3,20.6879692658953,59.7882311784375
"V",1.72,54,0,7,4,0,4,0,"N",2,2,0,22.999994165117,68.043182738082
"V",1.68,67,0,5,0,7,12,0,"N",1,3,3,22.999994165117,64.9151835316261
"V",1.71,30,0,12,0,6,0,3,"N",1,3,4,22.999994165117,67.2542829382185
"M",1.62,41,0,18,4,0,2,0,"N",0,1,0,22.999994165117,60.361184686933
"M",1.61,42,0,0,5,19,1,0,"N",1,2,0,22.999994165117,59.6182848753997
"V",1.69,41,0,0,2,10,13,0,"N",0,1,2,22.999994165117,65.6902833349906
"V",1.71,38,0,0,0,2,0,0,"N",0,2,2,22.999994165117,67.2542829382185
"V",1.71,26,0,0,0,15,8,0,"N",0,2,4,22.999994165117,67.2542829382185
"M",1.65,53,120,0,4,9,6,0,"N",2,4,4,17.4511344069851,47.5107134230169
"V",1.78,31,0,9,5,12,5,0,"S",0,0,2,22.999994165117,72.8731815127566
"M",1.74,35,190,3,6,2,0,0,"N",1,1,1,14.2142995480748,43.0352133117513
"V",1.8,22,0,0,0,0,0,0,"N",2,2,3,22.999994165117,74.519981094979
"V",1.77,45,0,17,2,15,11,0,"N",1,1,1,22.999994165117,72.056681719895
"M",1.65,32,130,0,2,0,3,0,"N",1,4,3,16.9887294271408,46.2518158653907
"V",1.71,71,60,0,0,11,0,0,"N",1,0,0,20.225564286051,59.1415725288418
"V",1.74,42,0,12,6,1,0,0,"S",2,4,4,22.999994165117,69.6347823343081
"M",1.55,45,0,9,3,0,0,0,"N",1,1,2,22.999994165117,55.2574859816935
"M",1.66,37,0,0,0,0,0,0,"N",0,1,3,22.999994165117,63.3787839213963
"V",1.77,37,110,5,8,0,0,2,"N",1,3,4,17.9135393868294,56.1213275449978
"V",1.82,55,140,0,0,4,2,0,"N",0,1,2,16.5263244472964,54.7417970992247
"V",1.71,21,0,17,1,14,5,0,"N",3,4,4,22.999994165117,67.2542829382185
"V",1.81,42,0,4,1,11,9,0,"N",1,3,3,22.999994165117,75.3502808843397
"M",1.7,56,0,4,1,17,0,0,"N",4,3,2,22.999994165117,66.469983137188
"V",1.8,22,0,0,5,0,7,0,"N",2,1,1,22.999994165117,74.519981094979
"V",1.78,62,0,0,4,0,6,0,"S",1,1,1,22.999994165117,72.8731815127566
"M",1.57,52,0,0,4,0,0,0,"N",1,2,4,22.999994165117,56.6926856175968
"V",1.7,28,0,0,0,0,0,1,"N",1,3,2,22.999994165117,66.469983137188
"M",1.63,23,100,0,0,1,3,0,"S",1,2,3,18.3759443666737,48.8230465878154
"M",1.65,42,140,1,2,0,4,0,"N",3,4,3,16.5263244472964,44.9929183077645
"V",1.68,37,0,2,0,25,13,0,"N",1,3,2,22.999994165117,64.9151835316261
"V",1.8,44,0,0,2,0,0,0,"N",2,4,4,22.999994165117,74.519981094979
"V",1.79,53,70,22,1,4,10,0,"S",0,0,1,19.7631593062067,63.3231387330169
"V",1.72,49,0,4,5,0,0,0,"N",1,2,3,22.999994165117,68.043182738082
"M",1.76,53,20,0,0,7,8,0,"N",2,3,3,22.0751842054283,68.3800905947348
"M",1.73,28,0,0,1,7,13,0,"N",2,3,3,22.999994165117,68.8366825367786
"V",1.72,37,70,0,7,0,0,0,"N",0,3,3,19.7631593062067,58.4673304914819
"V",1.84,43,0,0,0,21,19,0,"N",1,2,4,22.999994165117,77.86878024542
"V",1.92,35,40,18,0,0,5,0,"N",2,2,3,21.1503742457397,77.9687396194947
"V",1.84,53,40,13,0,0,2,0,"N",2,2,2,21.1503742457397,71.6067070463762
"M",1.65,35,120,0,2,1,0,0,"N",0,0,0,17.4511344069851,47.5107134230169
"M",1.61,18,20,0,0,0,0,0,"S",1,1,1,22.0751842054283,57.2210849788908
"V",1.73,34,0,4,3,0,1,0,"N",2,3,2,22.999994165117,68.8366825367786
"V",1.66,40,0,11,2,9,3,0,"N",1,3,3,22.999994165117,63.3787839213963
"V",1.72,21,0,9,0,0,0,0,"N",2,2,2,22.999994165117,68.043182738082
"V",1.82,44,0,4,0,3,3,0,"N",0,1,0,22.999994165117,76.1851806725334
"M",1.67,18,0,0,2,2,1,8,"N",2,3,1,22.999994165117,64.1446837270947
"M",1.61,47,0,0,0,10,6,0,"N",1,2,3,22.999994165117,59.6182848753997
"M",1.63,48,50,0,1,12,16,9,"N",1,1,0,20.6879692658953,54.9658655425573
"M",1.68,41,0,13,0,2,5,0,"N",0,1,1,22.999994165117,64.9151835316261
"M",1.58,45,0,13,1,1,0,0,"N",2,3,4,22.999994165117,57.417185433798
"M",1.61,58,20,8,7,9,0,0,"N",2,3,2,22.0751842054283,57.2210849788908
"M",1.62,38,0,0,5,0,0,0,"N",1,0,0,22.999994165117,60.361184686933
"V",1.8,51,80,7,0,0,4,0,"N",2,3,4,19.3007543263624,62.5344440174141
"M",1.68,64,0,3,0,7,1,0,"S",1,2,0,22.999994165117,64.9151835316261
"M",1.69,43,0,9,0,0,0,0,"N",1,3,4,22.999994165117,65.6902833349906
"V",1.61,28,0,13,0,6,1,0,"N",3,3,3,22.999994165117,59.6182848753997
"M",1.68,43,0,5,2,0,0,2,"N",2,3,4,22.999994165117,64.9151835316261
"V",1.74,65,0,13,4,8,7,0,"N",1,2,1,22.999994165117,69.6347823343081
"V",1.75,55,50,0,0,0,0,0,"N",2,4,4,20.6879692658953,63.3569058768045
"V",1.77,18,30,3,2,0,4,5,"S",1,2,2,21.612779225584,67.7106760358321
"V",1.7,43,0,6,0,4,1,2,"N",2,2,2,22.999994165117,66.469983137188
"M",1.72,19,0,0,0,0,2,0,"N",1,2,1,22.999994165117,68.043182738082
"V",1.76,22,0,17,1,1,2,2,"N",0,1,2,22.999994165117,71.2447819258663
"V",1.78,39,30,0,0,16,3,3,"N",1,1,3,21.612779225584,68.4779296983403
"M",1.66,59,0,24,2,3,3,0,"N",0,1,2,22.999994165117,63.3787839213963
"V",1.76,18,0,19,5,11,0,0,"N",0,1,1,22.999994165117,71.2447819258663
"V",1.77,31,0,5,2,1,1,0,"N",2,4,4,22.999994165117,72.056681719895
"M",1.68,28,0,0,3,7,4,1,"N",2,2,3,22.999994165117,64.9151835316261
"M",1.66,32,190,6,3,0,0,7,"N",0,3,4,14.2142995480748,39.168923834675
"V",1.71,44,0,0,2,20,25,1,"N",0,2,1,22.999994165117,67.2542829382185
"V",1.82,27,30,11,0,2,4,0,"N",1,2,2,21.612779225584,71.5901699068244
"V",1.77,70,0,0,0,12,9,0,"N",1,0,2,22.999994165117,72.056681719895
"V",1.71,42,0,0,3,10,9,0,"N",1,1,2,22.999994165117,67.2542829382185
"M",1.72,18,0,0,1,1,3,0,"N",2,4,4,22.999994165117,68.043182738082
"V",1.79,29,0,0,2,42,19,0,"N",3,3,4,22.999994165117,73.6942813044513
"V",1.77,31,0,0,2,13,8,0,"N",1,2,1,22.999994165117,72.056681719895
"M",1.63,54,0,17,1,0,4,0,"N",3,3,4,22.999994165117,61.1086844972993
"M",1.54,38,0,20,5,2,4,0,"N",1,4,2,22.999994165117,54.5467861619914
"M",1.61,45,0,24,0,3,1,3,"N",1,2,2,22.999994165117,59.6182848753997
"M",1.68,62,120,1,0,17,13,0,"N",2,4,4,17.4511344069851,49.2540817502747
"V",1.77,18,0,0,1,6,0,0,"N",1,3,3,22.999994165117,72.056681719895
"V",1.77,26,0,0,1,1,0,0,"S",1,3,2,22.999994165117,72.056681719895
"V",1.63,54,0,0,0,30,17,0,"S",2,3,2,22.999994165117,61.1086844972993
"V",1.77,30,0,0,3,7,2,1,"N",1,2,3,22.999994165117,72.056681719895
"M",1.62,35,0,0,6,0,0,0,"N",2,4,4,22.999994165117,60.361184686933
"V",1.67,30,140,15,6,0,7,5,"N",1,2,2,16.5263244472964,46.090266251065
"M",1.64,43,0,0,0,5,0,0,"N",0,1,0,22.999994165117,61.8607843064986
"M",1.7,48,0,9,4,0,5,0,"N",3,4,4,22.999994165117,66.469983137188
"V",1.71,34,0,5,3,18,7,0,"N",1,3,3,22.999994165117,67.2542829382185
"V",1.76,34,0,16,2,3,5,0,"N",1,3,4,22.999994165117,71.2447819258663
"V",1.69,61,170,13,2,33,22,0,"N",1,1,2,15.1391095077635,43.2388106651232
"V",1.75,41,20,0,0,0,0,5,"N",3,4,2,22.0751842054283,67.6052516291242
"V",1.77,50,0,0,0,15,5,0,"N",1,3,2,22.999994165117,72.056681719895
"V",1.7,49,0,0,2,10,4,0,"N",1,1,1,22.999994165117,66.469983137188
"M",1.65,18,0,9,4,15,9,0,"N",3,4,4,22.999994165117,62.6174841145309
"V",1.77,18,0,13,0,2,0,0,"S",2,4,4,22.999994165117,72.056681719895
"M",1.66,56,50,7,5,0,1,0,"S",3,4,4,20.6879692658953,57.0077681091012
"V",1.8,57,60,0,4,10,9,0,"N",1,1,1,20.225564286051,65.5308282868053
"V",1.75,47,0,3,1,24,4,0,"N",0,3,3,22.999994165117,70.4374821306707
"V",1.75,41,30,1,2,0,0,0,"N",3,3,2,21.612779225584,66.189136378351
"M",1.69,21,20,18,0,16,2,0,"N",2,2,2,22.0751842054283,63.0489336091238
"M",1.7,57,0,4,4,6,0,0,"N",1,2,2,22.999994165117,66.469983137188
"M",1.62,33,0,23,0,4,2,0,"N",1,1,0,22.999994165117,60.361184686933
"M",1.68,37,0,0,1,0,0,0,"N",2,2,2,22.999994165117,64.9151835316261
"M",1.59,43,120,0,0,1,0,0,"N",1,1,2,17.4511344069851,44.118212894299
"M",1.59,34,0,8,1,8,2,0,"N",3,4,4,22.999994165117,58.1462852488322
"V",1.81,55,0,12,3,0,1,0,"N",0,0,0,22.999994165117,75.3502808843397
"V",1.84,33,0,1,2,6,3,2,"N",2,2,2,22.999994165117,77.86878024542
"M",1.67,34,0,0,2,2,6,0,"N",3,3,4,22.999994165117,64.1446837270947
"M",1.58,18,0,0,2,0,4,0,"N",1,2,3,22.999994165117,57.417185433798
"M",1.61,33,0,15,1,9,8,0,"N",1,2,0,22.999994165117,59.6182848753997
"M",1.65,32,0,0,4,18,8,0,"N",3,3,3,22.999994165117,62.6174841145309
"V",1.76,47,0,3,0,12,8,0,"N",2,4,4,22.999994165117,71.2447819258663
"V",1.73,32,40,11,0,13,6,0,"N",1,3,4,21.1503742457397,63.3009550800743
"M",1.66,18,10,0,0,10,3,0,"N",0,2,2,22.5375891852726,62.1045807589373
"V",1.68,39,30,3,0,9,0,0,"N",0,0,0,21.612779225584,60.9999080862883
"M",1.57,59,30,0,1,0,0,0,"N",0,1,2,21.612779225584,53.273339513142
"M",1.65,41,0,0,5,6,7,0,"N",1,3,4,22.999994165117,62.6174841145309
"M",1.69,45,0,17,0,15,11,2,"N",0,1,0,22.999994165117,65.6902833349906
"M",1.59,33,0,7,2,0,2,5,"N",0,3,3,22.999994165117,58.1462852488322
"V",1.76,40,0,0,0,8,5,0,"N",0,1,1,22.999994165117,71.2447819258663
"M",1.76,50,0,1,3,0,4,0,"N",3,3,3,22.999994165117,71.2447819258663
"V",1.74,45,0,21,3,0,0,1,"N",2,2,3,22.999994165117,69.6347823343081
"M",1.62,32,0,0,0,1,5,0,"N",2,4,4,22.999994165117,60.361184686933
"M",1.67,46,0,0,3,0,2,0,"S",0,0,1,22.999994165117,64.1446837270947
"M",1.72,22,50,2,0,10,1,0,"S",2,0,1,20.6879692658953,61.2032882762248
"V",1.72,30,0,15,2,11,6,0,"N",2,3,2,22.999994165117,68.043182738082
"M",1.72,35,0,4,3,0,3,0,"N",2,3,1,22.999994165117,68.043182738082
"V",1.75,27,0,6,0,9,0,0,"N",0,1,0,22.999994165117,70.4374821306707
"V",1.75,30,30,8,3,18,9,0,"N",0,2,4,21.612779225584,66.189136378351
"V",1.74,29,0,3,4,0,0,0,"N",2,3,3,22.999994165117,69.6347823343081
"M",1.7,28,100,14,0,11,7,0,"N",0,0,0,18.3759443666737,53.1064792196871
"V",1.77,63,80,0,0,11,0,4,"N",2,2,3,19.3007543263624,60.4673332290607
"V",1.74,67,0,0,10,0,3,0,"S",1,1,2,22.999994165117,69.6347823343081
"V",1.66,38,50,28,0,0,4,4,"N",1,3,4,20.6879692658953,57.0077681091012
"M",1.59,44,0,3,0,0,0,0,"N",1,3,4,22.999994165117,58.1462852488322
"V",1.68,68,0,0,4,16,5,0,"N",3,4,4,22.999994165117,64.9151835316261
"M",1.6,32,0,0,2,2,0,0,"N",1,1,0,22.999994165117,58.8799850626994
"V",1.73,41,0,0,0,4,0,0,"N",1,3,2,22.999994165117,68.8366825367786
"V",1.81,45,0,10,0,0,0,1,"N",2,3,2,22.999994165117,75.3502808843397
"V",1.78,60,70,8,2,0,2,0,"N",0,2,2,19.7631593062067,62.6175939457853
"M",1.66,46,0,0,0,0,10,0,"N",1,3,2,22.999994165117,63.3787839213963
"M",1.7,49,40,0,3,0,0,0,"N",2,4,4,21.1503742457397,61.1245815701877
"M",1.66,47,0,2,1,0,1,2,"N",1,2,1,22.999994165117,63.3787839213963
"V",1.75,30,30,27,5,0,0,0,"N",1,2,4,21.612779225584,66.189136378351
"M",1.56,54,0,1,1,6,2,0,"N",1,2,2,22.999994165117,55.9727858002287
"M",1.71,18,0,0,0,6,0,3,"N",0,1,0,22.999994165117,67.2542829382185
"M",1.63,59,0,13,5,18,15,0,"N",2,2,0,22.999994165117,61.1086844972993
"M",1.65,44,0,1,7,5,0,2,"N",2,3,2,22.999994165117,62.6174841145309
"V",1.86,20,0,0,0,29,2,0,"N",1,3,4,22.999994165117,79.5707798136387
"V",1.75,24,0,13,1,0,12,0,"N",1,3,3,22.999994165117,70.4374821306707
"V",1.8,18,0,0,3,0,0,0,"N",3,4,4,22.999994165117,74.519981094979
"M",1.66,40,0,9,0,19,12,1,"N",0,0,0,22.999994165117,63.3787839213963
"V",1.78,63,0,0,1,0,1,0,"N",2,4,2,22.999994165117,72.8731815127566
"M",1.68,52,0,0,0,5,7,0,"N",1,3,2,22.999994165117,64.9151835316261
"M",1.65,69,260,9,0,3,0,3,"N",2,3,4,10.9774646891646,29.8861476162505
"M",1.65,55,40,0,1,7,10,2,"N",1,1,1,21.1503742457397,57.5818938840263
"V",1.77,67,0,0,6,10,0,0,"N",1,2,2,22.999994165117,72.056681719895
"V",1.74,67,10,0,4,0,0,0,"N",0,0,0,22.5375891852726,68.2348050173315
"V",1.73,28,120,2,5,0,0,0,"N",1,0,0,17.4511344069851,52.2295001666657
"V",1.81,47,0,0,7,0,0,0,"N",1,1,0,22.999994165117,75.3502808843397
"V",1.78,59,0,0,0,8,5,0,"N",1,2,3,22.999994165117,72.8731815127566
"V",1.8,43,0,0,0,0,6,0,"N",1,2,2,22.999994165117,74.519981094979
"M",1.51,69,0,0,0,12,11,0,"N",0,1,2,22.999994165117,52.4422866958832
"V",1.76,20,0,0,3,0,3,0,"N",2,2,2,22.999994165117,71.2447819258663
"M",1.61,18,0,0,4,0,0,0,"N",1,2,1,22.999994165117,59.6182848753997
"M",1.63,40,0,1,3,0,0,0,"N",3,3,3,22.999994165117,61.1086844972993
"V",1.82,27,10,0,4,0,7,0,"N",1,0,0,22.5375891852726,74.6535104172971
"M",1.62,34,60,7,0,9,1,0,"N",3,3,4,20.225564286051,53.0799709123123
"V",1.78,29,50,14,3,0,0,0,"N",0,0,1,20.6879692658953,65.5477618220628
"V",1.68,18,0,5,0,21,17,0,"N",1,3,1,22.999994165117,64.9151835316261
"V",1.75,31,0,0,2,0,0,0,"N",0,1,1,22.999994165117,70.4374821306707
"M",1.72,45,0,10,0,0,7,0,"N",0,1,1,22.999994165117,68.043182738082
"V",1.75,43,0,7,4,0,0,0,"N",0,1,1,22.999994165117,70.4374821306707
"V",1.73,24,0,9,0,0,0,0,"N",1,1,1,22.999994165117,68.8366825367786
"V",1.75,46,40,2,1,0,0,0,"N",3,3,4,21.1503742457397,64.7730211275777
"V",1.66,46,100,0,0,0,0,0,"N",1,2,4,18.3759443666737,50.6367522968061
"V",1.8,35,0,0,0,7,14,0,"N",4,4,4,22.999994165117,74.519981094979
"V",1.87,40,0,6,2,0,0,0,"N",2,4,3,22.999994165117,80.4286795959975
"M",1.67,59,30,14,1,8,6,0,"N",1,1,0,21.612779225584,60.2758799822312
"V",1.77,32,0,0,2,27,11,0,"N",0,2,2,22.999994165117,72.056681719895
"M",1.58,66,60,0,1,0,0,0,"N",1,2,2,20.225564286051,50.4910986836978
"M",1.66,29,130,0,0,0,0,0,"N",1,0,0,16.9887294271408,46.8141428094291
"V",1.74,32,0,10,0,0,0,0,"N",2,3,1,22.999994165117,69.6347823343081
"M",1.6,43,0,9,1,9,7,0,"N",2,4,4,22.999994165117,58.8799850626994
"M",1.57,70,60,5,2,6,10,0,"N",2,3,3,20.225564286051,49.8539934086872
"M",1.69,18,0,0,6,0,1,0,"N",1,3,4,22.999994165117,65.6902833349906
"M",1.62,51,20,7,3,5,4,0,"N",1,3,4,22.0751842054283,57.9341134287261
"M",1.63,48,0,0,2,7,6,0,"N",2,3,4,22.999994165117,61.1086844972993
"V",1.71,18,0,1,5,3,2,0,"N",0,1,1,22.999994165117,67.2542829382185
"V",1.73,42,0,0,1,26,8,0,"N",0,2,2,22.999994165117,68.8366825367786
"M",1.66,35,90,0,6,0,0,0,"N",1,2,1,18.8383493465181,51.9109554592651
"V",1.74,38,50,11,1,5,4,3,"N",1,0,0,20.6879692658953,62.6348957494248
"V",1.76,37,0,0,2,10,4,2,"N",2,4,2,22.999994165117,71.2447819258663
"M",1.57,18,0,0,0,1,1,0,"N",3,3,3,22.999994165117,56.6926856175968
"M",1.71,47,0,2,0,10,7,4,"N",2,4,3,22.999994165117,67.2542829382185
"M",1.63,24,0,0,2,5,1,0,"N",2,2,2,22.999994165117,61.1086844972993
"V",1.73,23,0,8,4,0,4,0,"N",2,3,2,22.999994165117,68.8366825367786
"M",1.57,76,0,0,1,18,0,0,"N",1,3,3,22.999994165117,56.6926856175968
"M",1.63,60,0,0,2,0,8,0,"N",2,3,3,22.999994165117,61.1086844972993
"V",1.78,36,0,11,0,0,0,0,"N",3,4,1,22.999994165117,72.8731815127566
"M",1.63,40,90,8,6,0,0,1,"N",0,2,2,18.8383493465181,50.0516103787638
"V",1.8,18,0,2,1,6,0,0,"N",1,1,2,22.999994165117,74.519981094979
"V",1.72,47,0,11,1,0,6,0,"N",1,1,1,22.999994165117,68.043182738082
"V",1.74,72,0,0,4,0,0,3,"N",1,3,4,22.999994165117,69.6347823343081
"M",1.73,47,0,14,1,9,2,0,"N",1,1,1,22.999994165117,68.8366825367786
"V",1.79,24,0,0,0,9,7,0,"N",3,4,4,22.999994165117,73.6942813044513
"M",1.74,40,0,1,0,0,0,0,"N",2,4,4,22.999994165117,69.6347823343081
"M",1.74,40,90,0,4,0,1,0,"N",2,3,2,18.8383493465181,57.0349864815181
"M",1.69,45,0,8,0,35,16,0,"N",1,2,3,22.999994165117,65.6902833349906
"M",1.69,53,0,0,0,1,3,0,"N",1,3,4,22.999994165117,65.6902833349906
"M",1.69,20,30,11,0,0,0,1,"N",1,1,2,21.612779225584,61.7282587461904
"M",1.61,52,0,18,2,15,1,0,"N",1,2,2,22.999994165117,59.6182848753997
"M",1.61,43,0,0,2,4,0,0,"N",0,1,0,22.999994165117,59.6182848753997
"M",1.57,45,0,0,1,26,14,0,"N",4,4,4,22.999994165117,56.6926856175968
"V",1.79,44,0,16,1,11,5,0,"N",2,1,0,22.999994165117,73.6942813044513
"V",1.8,56,0,0,4,0,0,0,"N",1,3,2,22.999994165117,74.519981094979
"M",1.72,57,120,0,1,0,0,3,"N",1,1,1,17.4511344069851,51.6274360296247
"V",1.71,38,0,10,4,0,2,0,"N",3,4,4,22.999994165117,67.2542829382185
"M",1.6,20,0,16,3,0,9,0,"N",1,0,0,22.999994165117,58.8799850626994
"M",1.58,18,0,0,5,6,5,0,"N",2,4,4,22.999994165117,57.417185433798
"M",1.71,59,0,5,0,15,4,0,"N",0,1,2,22.999994165117,67.2542829382185
"M",1.69,34,0,0,0,0,0,0,"N",3,4,4,22.999994165117,65.6902833349906
"V",1.77,55,0,0,0,12,5,0,"N",2,3,1,22.999994165117,72.056681719895
"V",1.79,56,0,0,0,33,7,0,"S",0,1,2,22.999994165117,73.6942813044513
"M",1.65,34,0,3,7,6,3,0,"N",3,4,4,22.999994165117,62.6174841145309
"V",1.73,54,0,0,2,0,0,0,"N",1,2,3,22.999994165117,68.8366825367786
"V",1.77,42,0,0,0,0,0,0,"N",0,1,1,22.999994165117,72.056681719895
"V",1.81,18,0,1,5,2,0,0,"N",2,4,4,22.999994165117,75.3502808843397
"V",1.8,39,20,0,0,0,1,0,"N",2,0,1,22.0751842054283,71.5235968255878
"V",1.76,42,0,0,0,2,0,8,"N",0,0,0,22.999994165117,71.2447819258663
"V",1.78,40,0,7,1,0,0,0,"N",1,2,2,22.999994165117,72.8731815127566
"M",1.59,18,0,0,2,17,15,0,"N",2,3,1,22.999994165117,58.1462852488322
"M",1.68,41,0,0,2,5,0,0,"N",1,4,4,22.999994165117,64.9151835316261
"M",1.61,20,80,0,0,0,0,0,"S",2,3,2,19.3007543263624,50.0294852893639
"V",1.77,72,0,0,1,11,2,1,"N",2,2,3,22.999994165117,72.056681719895
"M",1.7,43,70,0,1,7,6,0,"S",2,3,4,19.7631593062067,57.1155303949374
"V",1.81,43,0,11,0,0,1,0,"N",1,2,0,22.999994165117,75.3502808843397
"M",1.72,43,0,11,0,17,0,0,"N",2,4,4,22.999994165117,68.043182738082
"V",1.72,23,0,0,3,6,0,0,"N",0,0,0,22.999994165117,68.043182738082
"M",1.65,18,0,7,0,7,7,0,"N",0,1,0,22.999994165117,62.6174841145309
"M",1.67,31,0,0,1,1,2,0,"N",0,1,0,22.999994165117,64.1446837270947
"M",1.69,61,30,6,0,0,7,0,"N",1,1,2,21.612779225584,61.7282587461904
"V",1.72,55,0,8,4,17,9,0,"N",2,3,4,22.999994165117,68.043182738082
"V",1.7,38,10,0,4,0,1,5,"N",1,2,3,22.5375891852726,65.1336327454379
"V",1.79,49,0,4,5,0,6,0,"N",0,3,3,22.999994165117,73.6942813044513
"V",1.7,61,70,0,2,6,1,1,"N",2,4,4,19.7631593062067,57.1155303949374
"V",1.69,68,0,8,7,2,4,8,"N",2,3,3,22.999994165117,65.6902833349906
"V",1.73,47,10,14,3,9,0,0,"N",0,0,0,22.5375891852726,67.4527506726025
"M",1.65,27,0,17,0,2,0,0,"N",1,1,4,22.999994165117,62.6174841145309
"M",1.69,44,0,0,0,1,0,0,"N",1,2,2,22.999994165117,65.6902833349906
"M",1.67,18,0,0,2,4,0,0,"N",2,3,2,22.999994165117,64.1446837270947
"V",1.83,18,0,0,1,1,11,0,"N",0,1,2,22.999994165117,77.0246804595602
"M",1.63,79,130,0,2,1,0,2,"N",0,1,0,16.9887294271408,45.1373552149703
"M",1.57,42,100,6,2,9,12,0,"N",4,4,4,18.3759443666737,45.2948652694141
"M",1.68,46,0,0,0,8,0,0,"N",0,1,0,22.999994165117,64.9151835316261
"V",1.75,24,30,2,2,24,11,0,"N",1,4,4,21.612779225584,66.189136378351
"M",1.72,42,10,8,1,0,0,0,"N",3,3,4,22.5375891852726,66.6752038457106
"V",1.77,48,0,7,1,13,10,0,"N",2,3,2,22.999994165117,72.056681719895
"M",1.72,39,0,7,2,12,0,0,"N",1,3,3,22.999994165117,68.043182738082
"M",1.68,63,0,0,3,4,0,0,"N",1,1,2,22.999994165117,64.9151835316261
"V",1.73,48,60,0,5,5,7,1,"N",3,4,4,20.225564286051,60.5330913517221
"M",1.61,72,0,14,0,14,12,5,"S",1,3,4,22.999994165117,59.6182848753997
"V",1.81,20,0,16,0,0,7,2,"S",2,3,2,22.999994165117,75.3502808843397
"V",1.76,51,0,0,1,12,0,0,"N",0,4,4,22.999994165117,71.2447819258663
"M",1.72,35,120,0,2,4,1,4,"N",2,2,3,17.4511344069851,51.6274360296247
"M",1.63,40,0,2,2,0,8,1,"N",1,2,2,22.999994165117,61.1086844972993
"M",1.62,30,0,10,1,5,3,0,"N",2,2,2,22.999994165117,60.361184686933
"M",1.61,37,50,7,2,7,0,5,"N",3,3,4,20.6879692658953,53.6252851341273
"V",1.71,41,0,9,6,0,0,1,"N",2,4,2,22.999994165117,67.2542829382185
"M",1.68,51,0,0,0,12,14,0,"N",0,1,0,22.999994165117,64.9151835316261
"M",1.73,45,0,1,1,8,7,0,"N",2,4,4,22.999994165117,68.8366825367786
"M",1.59,27,0,5,0,0,0,0,"N",2,2,0,22.999994165117,58.1462852488322
"V",1.65,52,0,0,1,10,6,0,"N",3,4,4,22.999994165117,62.6174841145309
"V",1.73,46,0,0,5,0,3,0,"N",0,1,1,22.999994165117,68.8366825367786
"V",1.68,18,0,3,0,0,0,0,"N",0,0,0,22.999994165117,64.9151835316261
"M",1.74,18,0,0,0,9,4,0,"N",1,2,1,22.999994165117,69.6347823343081
"V",1.68,54,0,0,0,3,1,0,"N",2,4,4,22.999994165117,64.9151835316261
"V",1.81,23,0,0,0,0,2,0,"N",2,4,3,22.999994165117,75.3502808843397
"V",1.75,49,0,12,1,14,7,0,"S",2,4,4,22.999994165117,70.4374821306707
"V",1.78,60,0,6,2,0,0,0,"N",3,3,4,22.999994165117,72.8731815127566
"V",1.77,46,20,0,11,0,0,0,"N",2,4,3,22.0751842054283,69.1593445971864
"V",1.8,23,10,0,2,17,2,0,"N",2,3,3,22.5375891852726,73.0217889602834
"M",1.71,41,50,3,3,3,0,0,"N",0,2,1,20.6879692658953,60.4936909304046
"V",1.77,41,0,0,1,1,0,0,"N",3,4,4,22.999994165117,72.056681719895
"V",1.74,60,0,0,3,19,13,0,"N",4,4,3,22.999994165117,69.6347823343081
"V",1.68,47,200,0,0,4,0,0,"N",1,2,0,13.7518945682305,38.8133472293737
"V",1.75,28,0,0,1,0,4,0,"N",2,4,4,22.999994165117,70.4374821306707
"M",1.6,59,0,13,1,16,8,0,"N",0,0,0,22.999994165117,58.8799850626994
"M",1.72,27,0,0,6,0,0,1,"N",0,1,2,22.999994165117,68.043182738082
"V",1.68,25,0,0,4,0,0,0,"N",1,3,1,22.999994165117,64.9151835316261
"M",1.61,48,150,5,6,0,3,0,"N",1,3,2,16.0639194674521,41.6392856515826
"M",1.67,41,100,11,3,2,0,0,"N",1,2,1,18.3759443666737,51.2486712442164
"M",1.54,43,0,2,1,2,0,0,"N",3,4,3,22.999994165117,54.5467861619914
"V",1.75,68,0,0,0,1,1,0,"N",1,2,0,22.999994165117,70.4374821306707
"V",1.75,44,0,9,1,0,0,0,"N",2,3,4,22.999994165117,70.4374821306707
"V",1.79,52,0,0,0,14,1,0,"N",2,4,3,22.999994165117,73.6942813044513
"M",1.64,26,0,17,3,6,0,0,"N",0,2,3,22.999994165117,61.8607843064986
"V",1.75,25,70,17,2,11,8,0,"N",0,1,1,19.7631593062067,60.524675375258
"M",1.72,19,40,3,1,0,0,0,"N",3,4,4,21.1503742457397,62.5712671685962
"V",1.84,29,0,8,2,8,0,0,"N",1,3,3,22.999994165117,77.86878024542
"V",1.83,30,0,4,1,3,0,0,"N",1,2,2,22.999994165117,77.0246804595602
"M",1.63,32,0,0,1,16,9,0,"N",1,2,2,22.999994165117,61.1086844972993
"V",1.7,45,0,4,7,0,0,0,"N",0,0,1,22.999994165117,66.469983137188
"M",1.62,32,0,2,1,20,14,0,"N",1,0,1,22.999994165117,60.361184686933
"V",1.8,18,0,0,1,4,8,0,"N",2,4,4,22.999994165117,74.519981094979
"M",1.54,34,0,11,0,3,1,0,"N",0,0,2,22.999994165117,54.5467861619914
"V",1.81,40,10,0,0,7,0,0,"N",1,4,4,22.5375891852726,73.8353959298717
"M",1.62,32,0,0,2,0,0,0,"N",1,1,3,22.999994165117,60.361184686933
"V",1.7,46,110,2,3,10,1,0,"N",0,1,1,17.9135393868294,51.770128827937
"M",1.79,50,110,0,1,7,16,0,"N",1,2,1,17.9135393868294,57.3967715493401
"M",1.65,48,0,0,2,0,0,0,"N",1,1,2,22.999994165117,62.6174841145309
"V",1.79,29,0,0,2,6,13,5,"N",1,1,2,22.999994165117,73.6942813044513
"V",1.75,35,0,15,0,0,1,0,"N",2,2,3,22.999994165117,70.4374821306707
"V",1.76,56,0,14,0,24,7,0,"N",3,4,4,22.999994165117,71.2447819258663
"M",1.66,18,0,0,0,0,1,0,"N",2,2,2,22.999994165117,63.3787839213963
"M",1.66,53,0,0,2,0,0,0,"N",1,1,1,22.999994165117,63.3787839213963
"V",1.76,27,0,0,1,16,12,0,"N",1,3,3,22.999994165117,71.2447819258663
"V",1.73,33,0,0,0,0,0,0,"N",3,4,4,22.999994165117,68.8366825367786
"M",1.68,26,0,0,7,0,4,0,"N",2,2,1,22.999994165117,64.9151835316261
"M",1.68,60,0,0,5,7,8,0,"N",3,4,3,22.999994165117,64.9151835316261
"M",1.59,46,0,0,2,0,0,2,"N",2,4,4,22.999994165117,58.1462852488322
"V",1.68,46,0,13,0,24,18,0,"N",1,2,2,22.999994165117,64.9151835316261
"M",1.56,27,0,5,1,16,5,0,"N",1,2,1,22.999994165117,55.9727858002287
"M",1.63,57,40,2,0,35,16,1,"S",0,0,0,21.1503742457397,56.1944293335057
"V",1.71,35,0,3,0,10,4,0,"N",0,1,1,22.999994165117,67.2542829382185
"V",1.72,53,0,12,3,8,6,0,"N",1,3,4,22.999994165117,68.043182738082
"M",1.64,47,0,0,0,6,0,0,"N",0,1,1,22.999994165117,61.8607843064986
"M",1.75,37,0,0,0,0,0,0,"N",3,4,4,22.999994165117,70.4374821306707
"M",1.65,63,0,0,0,0,3,6,"N",3,4,4,22.999994165117,62.6174841145309
"M",1.67,57,10,1,0,14,4,0,"N",4,4,4,22.5375891852726,62.8550824788069
"V",1.77,52,40,0,0,6,4,0,"N",1,2,1,21.1503742457397,66.2620074744778
"V",1.74,33,0,10,0,1,11,0,"N",1,1,2,22.999994165117,69.6347823343081
"V",1.85,24,50,9,3,0,0,1,"N",1,2,1,20.6879692658953,70.8045748125268
"V",1.77,72,0,0,0,0,2,0,"N",1,2,3,22.999994165117,72.056681719895
"V",1.78,48,0,0,0,2,14,0,"N",0,1,3,22.999994165117,72.8731815127566
"M",1.71,23,90,0,0,0,5,1,"N",2,3,2,18.8383493465181,55.0852173241534
"M",1.64,38,150,0,8,0,2,0,"N",1,2,3,16.0639194674521,43.2055177996592
"V",1.79,31,10,0,2,4,0,0,"N",2,3,3,22.5375891852726,72.2126895085321
"M",1.66,52,0,6,3,20,10,0,"S",2,4,4,22.999994165117,63.3787839213963
"M",1.66,39,0,0,3,0,2,0,"N",0,1,0,22.999994165117,63.3787839213963
"M",1.7,66,0,7,5,0,0,0,"N",3,4,3,22.999994165117,66.469983137188
"V",1.71,33,0,0,2,2,11,0,"N",0,1,1,22.999994165117,67.2542829382185
"V",1.82,61,90,25,2,5,0,0,"N",1,3,3,18.8383493465181,62.4001483754064
"M",1.69,86,0,22,4,6,0,0,"S",2,2,2,22.999994165117,65.6902833349906
"M",1.6,18,110,10,0,25,17,4,"N",1,2,3,17.9135393868294,45.8586608302833
"V",1.85,49,0,0,0,4,0,0,"N",0,1,1,22.999994165117,78.7174800301128
"M",1.56,27,0,27,1,0,4,0,"N",3,4,4,22.999994165117,55.9727858002287
"V",1.74,18,160,0,2,0,0,0,"N",1,3,4,15.6015144876078,47.2351452626813
"M",1.65,37,0,0,3,29,16,0,"N",0,2,1,22.999994165117,62.6174841145309
"V",1.75,52,50,16,0,0,0,0,"S",0,0,0,20.6879692658953,63.3569058768045
"M",1.66,21,0,0,2,1,0,4,"N",2,2,3,22.999994165117,63.3787839213963
"V",1.79,44,0,3,0,2,0,0,"N",2,2,2,22.999994165117,73.6942813044513
"M",1.62,37,0,15,0,9,11,0,"N",0,0,0,22.999994165117,60.361184686933
"V",1.8,41,0,4,1,0,0,0,"N",3,4,4,22.999994165117,74.519981094979
"V",1.76,52,0,5,2,7,4,0,"N",0,2,3,22.999994165117,71.2447819258663
"V",1.63,59,0,0,1,0,11,0,"N",3,4,3,22.999994165117,61.1086844972993
"M",1.62,19,0,0,2,0,0,1,"N",1,2,3,22.999994165117,60.361184686933
"M",1.67,46,0,3,1,0,11,0,"N",0,2,1,22.999994165117,64.1446837270947
"V",1.78,38,0,0,4,1,0,0,"N",3,3,3,22.999994165117,72.8731815127566
"V",1.74,38,0,20,2,10,7,0,"N",1,3,2,22.999994165117,69.6347823343081
"V",1.65,26,0,14,2,10,6,0,"N",3,3,3,22.999994165117,62.6174841145309
"V",1.73,42,0,0,1,0,4,0,"N",1,3,3,22.999994165117,68.8366825367786
"M",1.69,68,30,9,1,7,0,2,"N",1,1,3,21.612779225584,61.7282587461904
"M",1.64,53,0,0,2,1,9,0,"N",0,1,1,22.999994165117,61.8607843064986
"M",1.78,48,0,4,0,0,0,0,"N",2,1,2,22.999994165117,72.8731815127566
"M",1.63,20,0,0,2,7,0,0,"N",2,2,1,22.999994165117,61.1086844972993
"V",1.77,35,0,0,0,0,2,0,"N",1,3,4,22.999994165117,72.056681719895
"V",1.73,41,0,1,4,0,1,0,"N",2,2,1,22.999994165117,68.8366825367786
"M",1.65,24,120,0,0,9,14,3,"N",2,3,2,17.4511344069851,47.5107134230169
"V",1.79,25,0,5,3,3,0,0,"N",2,3,4,22.999994165117,73.6942813044513
"V",1.7,18,0,0,1,0,0,0,"N",1,0,0,22.999994165117,66.469983137188
"M",1.73,63,0,6,3,0,0,0,"N",0,1,1,22.999994165117,68.8366825367786
"M",1.76,39,10,3,5,6,4,0,"N",0,1,1,22.5375891852726,69.8124362603005
"M",1.71,42,0,0,0,34,13,0,"N",2,4,4,22.999994165117,67.2542829382185
"V",1.77,49,130,5,5,2,0,0,"N",0,1,1,16.9887294271408,53.2239904222893
"V",1.72,32,0,6,0,0,0,0,"N",1,1,0,22.999994165117,68.043182738082
"M",1.6,49,10,4,2,0,4,0,"N",2,3,3,22.5375891852726,57.696228314298
"M",1.65,30,0,0,0,14,9,1,"N",3,4,4,22.999994165117,62.6174841145309
"V",1.71,28,10,0,4,0,6,0,"N",2,2,4,22.5375891852726,65.9021645366557
"V",1.68,38,90,0,5,0,3,0,"N",0,0,0,18.8383493465181,53.1693571956125
"V",1.72,38,0,21,0,10,7,0,"N",2,3,3,22.999994165117,68.043182738082
"M",1.58,35,0,0,0,4,0,0,"N",0,0,0,22.999994165117,57.417185433798
"V",1.74,44,0,0,5,3,10,2,"N",2,4,4,22.999994165117,69.6347823343081
"V",1.77,44,0,0,5,0,0,0,"N",1,1,0,22.999994165117,72.056681719895
"V",1.75,42,60,0,0,10,4,0,"N",1,3,2,20.225564286051,61.9407906260313
"V",1.69,60,0,8,5,0,1,3,"N",1,2,2,22.999994165117,65.6902833349906
"M",1.65,48,0,12,3,5,5,0,"N",0,1,2,22.999994165117,62.6174841145309
"M",1.65,39,0,0,2,12,8,0,"N",2,4,3,22.999994165117,62.6174841145309
"V",1.75,56,10,0,2,3,8,0,"N",1,2,3,22.5375891852726,69.0213668798975
"V",1.77,28,60,5,1,1,2,0,"N",0,1,1,20.225564286051,63.3646703517693
"M",1.68,30,50,10,2,0,0,0,"N",0,0,0,20.6879692658953,58.389724456063
"V",1.74,19,0,0,0,0,0,0,"N",2,4,4,22.999994165117,69.6347823343081
"M",1.73,36,0,13,0,13,0,0,"N",1,4,4,22.999994165117,68.8366825367786
"V",1.87,18,0,0,0,0,4,0,"N",2,3,4,22.999994165117,80.4286795959975
"M",1.59,31,40,0,0,0,3,0,"N",0,0,1,21.1503742457397,53.4702611306545
"M",1.71,29,0,21,0,0,1,0,"N",1,3,4,22.999994165117,67.2542829382185
"V",1.82,67,0,0,3,9,5,0,"N",3,4,3,22.999994165117,76.1851806725334
"M",1.69,18,0,7,0,7,9,2,"N",0,0,0,22.999994165117,65.6902833349906
"M",1.6,50,0,4,0,8,0,0,"N",2,2,3,22.999994165117,58.8799850626994
"M",1.54,35,0,0,1,0,0,0,"N",0,1,0,22.999994165117,54.5467861619914
"V",1.72,82,190,8,0,0,0,0,"N",2,4,4,14.2142995480748,42.0515837830245
"M",1.68,63,0,0,0,0,2,0,"N",0,1,1,22.999994165117,64.9151835316261
"M",1.6,61,0,0,1,17,0,0,"N",0,0,0,22.999994165117,58.8799850626994
"M",1.74,50,0,0,3,0,0,0,"N",1,2,4,22.999994165117,69.6347823343081
"M",1.72,23,0,0,2,0,5,0,"N",4,4,4,22.999994165117,68.043182738082
"M",1.64,37,0,0,1,10,8,5,"N",1,3,4,22.999994165117,61.8607843064986
"V",1.86,31,50,4,6,0,0,0,"N",0,0,0,20.6879692658953,71.5720984722916
"M",1.63,41,0,10,0,4,3,4,"N",1,1,2,22.999994165117,61.1086844972993
"V",1.75,22,0,0,1,3,0,0,"N",0,2,2,22.999994165117,70.4374821306707
"M",1.6,35,0,8,5,2,9,0,"N",0,1,1,22.999994165117,58.8799850626994
"M",1.67,40,0,0,0,33,21,0,"N",1,2,2,22.999994165117,64.1446837270947
"V",1.72,42,0,1,0,0,0,0,"N",1,0,0,22.999994165117,68.043182738082
"V",1.67,61,160,0,4,0,0,0,"N",1,2,0,15.6015144876078,43.5110637544894
"V",1.75,21,90,10,6,14,18,0,"N",1,1,0,18.8383493465181,57.6924448737115
"M",1.67,61,10,0,3,10,11,1,"N",0,4,4,22.5375891852726,62.8550824788069
"V",1.75,37,0,0,9,0,3,0,"N",2,3,3,22.999994165117,70.4374821306707
"V",1.75,46,0,5,2,6,9,3,"N",1,2,1,22.999994165117,70.4374821306707
"V",1.7,50,0,0,6,0,0,0,"N",2,4,4,22.999994165117,66.469983137188
"V",1.8,60,0,11,1,9,0,0,"N",1,3,2,22.999994165117,74.519981094979
"V",1.7,27,0,0,4,3,0,0,"S",1,3,3,22.999994165117,66.469983137188
"M",1.72,18,0,0,2,0,0,0,"N",0,1,1,22.999994165117,68.043182738082
"V",1.68,67,0,0,7,11,0,3,"N",0,0,0,22.999994165117,64.9151835316261
"V",1.71,54,0,4,6,12,10,0,"N",0,0,0,22.999994165117,67.2542829382185
"V",1.69,53,0,0,8,0,1,0,"N",1,1,0,22.999994165117,65.6902833349906
"V",1.81,95,120,4,0,0,0,0,"N",1,1,1,17.4511344069851,57.1716614307238
"M",1.64,34,0,15,0,16,8,0,"N",2,3,4,22.999994165117,61.8607843064986
"M",1.62,23,10,0,4,0,3,0,"N",2,3,4,22.5375891852726,59.1476490578295
"M",1.67,50,50,0,3,0,0,0,"N",2,2,0,20.6879692658953,57.6966774856555
"M",1.67,46,0,7,0,14,7,0,"N",1,4,3,22.999994165117,64.1446837270947
"V",1.68,66,10,14,1,4,11,0,"N",0,2,2,22.5375891852726,63.6100917165135
"M",1.68,47,0,0,0,0,0,0,"N",2,4,4,22.999994165117,64.9151835316261
"M",1.69,38,60,0,4,1,0,0,"N",0,1,1,20.225564286051,57.7662341573903
"M",1.6,18,220,0,0,11,1,0,"N",1,2,2,12.8270846085418,32.8373365978671
"V",1.82,47,0,0,5,0,0,0,"N",1,4,4,22.999994165117,76.1851806725334
"V",1.68,31,90,7,3,22,21,0,"N",2,1,1,18.8383493465181,53.1693571956125
"V",1.74,69,90,0,0,0,4,0,"N",1,3,3,18.8383493465181,57.0349864815181
"M",1.69,69,150,9,0,9,7,10,"N",0,3,4,16.0639194674521,45.88016039099
"V",1.67,31,40,7,0,16,2,0,"N",3,4,3,21.1503742457397,58.9862787339434
"V",1.79,44,0,0,0,8,2,0,"N",2,1,0,22.999994165117,73.6942813044513
"M",1.6,37,0,9,2,4,6,0,"N",0,0,0,22.999994165117,58.8799850626994
"V",1.76,28,0,5,1,6,0,1,"N",1,0,0,22.999994165117,71.2447819258663
"V",1.8,58,0,5,1,7,0,3,"N",1,2,3,22.999994165117,74.519981094979
"V",1.69,28,0,0,0,13,8,0,"N",0,2,1,22.999994165117,65.6902833349906
"V",1.78,70,0,7,0,4,3,0,"N",0,1,0,22.999994165117,72.8731815127566
"M",1.62,35,80,2,2,17,6,0,"N",1,3,3,19.3007543263624,50.6528996541054
"V",1.76,38,0,0,2,3,1,0,"N",1,1,0,22.999994165117,71.2447819258663
"M",1.5,38,110,0,6,2,16,5,"N",1,1,2,17.9135393868294,40.3054636203662
"V",1.76,18,0,0,0,6,3,0,"N",2,4,4,22.999994165117,71.2447819258663
"V",1.67,72,40,0,0,0,1,0,"N",0,1,0,21.1503742457397,58.9862787339434
"M",1.72,26,0,2,8,0,0,0,"N",1,3,3,22.999994165117,68.043182738082
"M",1.62,25,0,7,1,0,0,0,"N",0,1,1,22.999994165117,60.361184686933
"V",1.69,25,130,7,0,8,2,0,"N",2,2,2,16.9887294271408,48.5215101168567
"V",1.78,42,0,0,7,0,6,1,"N",1,1,2,22.999994165117,72.8731815127566
"M",1.61,27,0,3,0,20,16,1,"N",1,0,2,22.999994165117,59.6182848753997
"M",1.64,46,0,0,3,7,0,0,"N",1,4,4,22.999994165117,61.8607843064986
"V",1.73,18,0,0,0,17,9,3,"N",0,0,0,22.999994165117,68.8366825367786
"M",1.7,50,10,7,0,16,6,4,"N",2,1,2,22.5375891852726,65.1336327454379
"V",1.71,31,0,0,0,2,5,0,"N",1,2,2,22.999994165117,67.2542829382185
"V",1.76,64,30,0,1,0,2,0,"N",2,2,2,21.612779225584,66.947744929169
"V",1.79,40,0,15,4,0,7,0,"N",2,3,3,22.999994165117,73.6942813044513
"V",1.8,33,0,0,1,9,3,0,"N",2,2,2,22.999994165117,74.519981094979
"V",1.7,51,30,0,0,10,8,0,"S",1,2,3,21.612779225584,62.4609319619377
"M",1.63,32,90,9,1,10,0,0,"N",1,2,2,18.8383493465181,50.0516103787638
"V",1.77,42,0,0,4,26,20,2,"N",2,2,3,22.999994165117,72.056681719895
"M",1.68,69,0,4,9,0,0,0,"N",0,3,2,22.999994165117,64.9151835316261
"M",1.58,60,0,15,1,0,3,0,"N",0,1,1,22.999994165117,57.417185433798
"V",1.79,43,120,18,5,0,1,0,"N",2,4,3,17.4511344069851,55.9151797534209
"M",1.65,44,0,0,6,19,12,2,"N",0,2,2,22.999994165117,62.6174841145309
"V",1.82,35,0,0,2,0,0,0,"N",3,4,2,22.999994165117,76.1851806725334
"V",1.74,49,100,1,5,9,11,4,"N",0,1,2,18.3759443666737,55.6350091645414
"V",1.74,37,0,4,4,5,2,0,"N",1,2,3,22.999994165117,69.6347823343081
"M",1.7,33,0,0,1,6,0,0,"N",2,4,4,22.999994165117,66.469983137188
"V",1.82,44,30,0,1,6,7,0,"N",1,3,2,21.612779225584,71.5901699068244
"V",1.66,34,0,2,0,0,4,0,"N",3,4,4,22.999994165117,63.3787839213963
"V",1.8,38,0,0,5,0,0,0,"N",3,4,3,22.999994165117,74.519981094979
"M",1.62,44,0,2,0,0,0,0,"N",0,1,1,22.999994165117,60.361184686933
"V",1.74,39,0,8,5,4,2,0,"N",1,2,1,22.999994165117,69.6347823343081
"M",1.68,40,0,2,5,9,1,0,"N",0,1,2,22.999994165117,64.9151835316261
"V",1.82,42,0,4,0,4,0,0,"N",2,3,3,22.999994165117,76.1851806725334
"V",1.81,65,0,7,8,5,0,0,"N",1,2,3,22.999994165117,75.3502808843397
"M",1.65,43,0,2,0,12,9,0,"N",1,2,1,22.999994165117,62.6174841145309
"V",1.8,57,0,0,1,15,11,0,"N",3,3,3,22.999994165117,74.519981094979
"V",1.68,42,40,0,0,13,4,0,"N",2,3,4,21.1503742457397,59.6948162711756
"M",1.66,44,60,0,0,6,6,1,"N",1,1,1,20.225564286051,55.7335649466422
"M",1.66,23,0,0,5,0,0,0,"N",1,2,0,22.999994165117,63.3787839213963
"V",1.76,45,10,5,1,1,0,0,"N",2,3,2,22.5375891852726,69.8124362603005
"V",1.82,53,0,0,1,0,0,0,"N",1,3,2,22.999994165117,76.1851806725334
"M",1.58,41,0,0,0,6,0,0,"N",0,1,1,22.999994165117,57.417185433798
"M",1.66,25,0,0,0,0,0,1,"N",1,1,0,22.999994165117,63.3787839213963
"M",1.7,57,0,0,1,2,5,0,"N",1,2,2,22.999994165117,66.469983137188
"M",1.67,74,0,0,1,0,4,0,"N",0,1,1,22.999994165117,64.1446837270947
"V",1.81,44,30,8,0,0,1,0,"N",1,2,3,21.612779225584,70.8056260209357
"M",1.64,38,0,0,2,0,3,0,"N",3,4,4,22.999994165117,61.8607843064986
"V",1.77,29,0,4,0,10,3,0,"N",0,1,1,22.999994165117,72.056681719895
"V",1.71,36,0,0,1,0,0,0,"N",2,1,1,22.999994165117,67.2542829382185
"V",1.73,54,0,0,2,3,0,0,"N",1,2,2,22.999994165117,68.8366825367786
"M",1.65,65,80,0,7,6,3,0,"N",2,2,4,19.3007543263624,52.5463036535216
"V",1.72,31,10,2,0,0,0,0,"N",2,1,1,22.5375891852726,66.6752038457106
"V",1.75,59,0,0,6,0,0,0,"N",0,1,1,22.999994165117,70.4374821306707
"V",1.69,44,90,0,1,13,5,0,"N",0,0,1,18.8383493465181,53.8042095685902
"M",1.62,18,30,3,3,25,13,0,"N",1,2,3,21.612779225584,56.7205777996226
"M",1.69,34,40,11,0,6,6,0,"N",0,1,1,21.1503742457397,60.4075838832571
"V",1.7,56,0,0,2,12,10,0,"N",1,3,3,22.999994165117,66.469983137188
"V",1.76,57,0,0,2,5,0,0,"N",0,1,1,22.999994165117,71.2447819258663
"V",1.78,33,0,0,3,13,12,0,"N",3,4,4,22.999994165117,72.8731815127566
"M",1.74,32,180,18,1,6,10,0,"N",0,1,0,14.6767045279191,44.435190628728
"V",1.85,30,0,7,0,2,0,0,"N",2,2,1,22.999994165117,78.7174800301128
"M",1.62,33,0,0,5,0,0,0,"N",1,1,1,22.999994165117,60.361184686933
"V",1.67,49,0,0,1,2,6,0,"N",2,3,1,22.999994165117,64.1446837270947
"M",1.68,18,20,23,6,0,1,2,"N",0,0,0,22.0751842054283,62.3049999014009
"V",1.73,52,70,8,0,0,0,0,"N",1,1,2,19.7631593062067,59.149159487546
"M",1.66,49,40,6,5,13,5,0,"N",2,2,0,21.1503742457397,58.2819712715602
"V",1.65,33,40,0,0,20,2,0,"N",1,2,1,21.1503742457397,57.5818938840263
"M",1.66,42,90,0,7,0,0,0,"N",1,2,2,18.8383493465181,51.9109554592651
"M",1.63,19,0,0,5,5,4,0,"N",2,2,1,22.999994165117,61.1086844972993
"M",1.75,18,0,0,0,2,4,0,"N",1,2,2,22.999994165117,70.4374821306707
"M",1.6,44,0,0,5,0,1,3,"N",2,3,4,22.999994165117,58.8799850626994
"V",1.82,43,30,0,0,6,11,0,"N",2,2,2,21.612779225584,71.5901699068244
"V",1.77,33,0,0,0,6,2,0,"N",2,3,3,22.999994165117,72.056681719895
"M",1.66,34,0,0,0,23,15,0,"N",1,0,0,22.999994165117,63.3787839213963
"M",1.64,36,0,12,3,1,4,0,"N",0,1,0,22.999994165117,61.8607843064986
"V",1.7,37,0,3,0,9,0,0,"N",2,2,3,22.999994165117,66.469983137188
"V",1.74,22,0,0,3,0,0,2,"N",3,4,4,22.999994165117,69.6347823343081
"V",1.84,52,0,6,1,1,0,0,"N",0,1,0,22.999994165117,77.86878024542
"V",1.75,31,0,0,0,0,1,0,"N",0,1,1,22.999994165117,70.4374821306707
"M",1.66,18,0,0,0,14,13,0,"N",2,3,2,22.999994165117,63.3787839213963
"V",1.73,36,0,6,0,17,3,0,"N",1,1,1,22.999994165117,68.8366825367786
"V",1.73,29,70,7,1,13,5,0,"N",2,4,4,19.7631593062067,59.149159487546
"M",1.65,43,0,0,0,0,0,0,"N",0,1,3,22.999994165117,62.6174841145309
"M",1.63,43,120,0,0,8,0,3,"N",1,0,1,17.4511344069851,46.3659190059187
"V",1.82,39,0,8,3,5,9,0,"N",3,4,4,22.999994165117,76.1851806725334
"M",1.67,18,0,15,0,0,2,0,"N",2,4,4,22.999994165117,64.1446837270947
"V",1.77,28,60,18,0,8,0,0,"N",0,1,1,20.225564286051,63.3646703517693
"M",1.59,24,0,0,7,15,15,0,"N",2,3,3,22.999994165117,58.1462852488322
"M",1.64,42,0,0,0,3,0,0,"N",1,0,1,22.999994165117,61.8607843064986
"M",1.66,52,50,5,3,0,0,0,"S",1,1,1,20.6879692658953,57.0077681091012
"V",1.78,51,0,0,7,0,0,3,"N",2,2,1,22.999994165117,72.8731815127566
"M",1.66,49,0,0,3,0,10,0,"N",1,3,2,22.999994165117,63.3787839213963
"M",1.71,21,60,0,5,1,8,0,"N",1,2,3,20.225564286051,59.1415725288418
"M",1.68,18,0,0,2,11,0,0,"N",1,3,1,22.999994165117,64.9151835316261
"V",1.8,41,0,12,0,0,8,0,"N",2,4,4,22.999994165117,74.519981094979
"V",1.72,45,0,5,0,2,0,0,"N",2,4,4,22.999994165117,68.043182738082
"V",1.7,26,0,2,1,10,0,0,"N",2,3,1,22.999994165117,66.469983137188
"V",1.76,37,0,11,1,8,7,0,"N",1,1,1,22.999994165117,71.2447819258663
"M",1.68,42,0,0,0,2,0,0,"N",1,3,3,22.999994165117,64.9151835316261
"M",1.59,42,0,0,3,2,3,0,"N",2,3,4,22.999994165117,58.1462852488322
"M",1.65,42,0,0,0,10,7,4,"N",3,4,3,22.999994165117,62.6174841145309
"V",1.75,25,0,0,7,0,0,0,"N",2,4,4,22.999994165117,70.4374821306707
"V",1.74,43,0,0,5,10,7,0,"N",2,4,3,22.999994165117,69.6347823343081
"V",1.73,37,0,11,7,0,5,0,"N",1,1,1,22.999994165117,68.8366825367786
"M",1.62,74,0,0,4,12,10,0,"S",1,4,4,22.999994165117,60.361184686933
"V",1.81,45,0,1,0,5,5,0,"N",0,1,2,22.999994165117,75.3502808843397
"V",1.73,28,0,0,1,29,11,4,"N",0,2,0,22.999994165117,68.8366825367786
"M",1.62,34,0,8,1,0,1,0,"N",1,2,1,22.999994165117,60.361184686933
"M",1.66,59,0,0,4,8,3,0,"N",1,2,2,22.999994165117,63.3787839213963
"V",1.7,51,0,0,1,13,15,6,"N",0,1,1,22.999994165117,66.469983137188
"M",1.69,37,0,0,4,7,7,0,"N",1,3,2,22.999994165117,65.6902833349906
"M",1.55,47,0,0,3,0,3,0,"N",1,2,4,22.999994165117,55.2574859816935
"M",1.64,18,0,0,0,7,2,0,"N",0,1,0,22.999994165117,61.8607843064986
"M",1.65,31,20,0,0,2,0,0,"N",3,4,4,22.0751842054283,60.0996889992786
"M",1.67,59,0,0,0,10,6,0,"S",2,4,3,22.999994165117,64.1446837270947
"M",1.7,18,0,5,5,0,0,0,"N",1,2,0,22.999994165117,66.469983137188
"V",1.76,51,0,6,3,5,5,0,"N",2,2,4,22.999994165117,71.2447819258663
"M",1.59,31,0,0,0,0,0,0,"N",1,3,4,22.999994165117,58.1462852488322
"M",1.69,48,0,3,0,0,3,0,"N",0,0,2,22.999994165117,65.6902833349906
"V",1.76,26,0,0,1,0,0,0,"N",1,3,4,22.999994165117,71.2447819258663
"V",1.65,31,130,0,2,4,6,0,"N",3,4,4,16.9887294271408,46.2518158653907
"V",1.65,22,40,3,4,15,5,0,"N",0,0,0,21.1503742457397,57.5818938840263
"M",1.65,62,0,5,0,19,13,0,"N",3,4,3,22.999994165117,62.6174841145309
"V",1.68,43,0,6,0,21,12,0,"N",2,4,4,22.999994165117,64.9151835316261
"V",1.78,33,0,0,0,4,0,0,"N",2,4,3,22.999994165117,72.8731815127566
"M",1.61,20,100,3,2,0,0,0,"N",1,1,1,18.3759443666737,47.632285392855
"V",1.82,45,0,4,1,3,0,0,"N",2,3,4,22.999994165117,76.1851806725334
"M",1.63,37,0,0,2,0,4,0,"N",2,3,3,22.999994165117,61.1086844972993
"M",1.68,50,0,0,0,10,4,3,"N",2,2,3,22.999994165117,64.9151835316261
"M",1.67,35,0,0,0,8,4,0,"N",2,3,3,22.999994165117,64.1446837270947
"M",1.59,52,0,4,0,11,14,0,"N",1,2,1,22.999994165117,58.1462852488322
"V",1.77,33,0,0,2,14,9,0,"N",0,2,3,22.999994165117,72.056681719895
"M",1.59,53,0,0,2,0,0,0,"N",1,2,2,22.999994165117,58.1462852488322
"M",1.76,20,0,18,3,0,7,0,"N",0,0,0,22.999994165117,71.2447819258663
"M",1.58,22,0,0,0,1,2,0,"N",0,0,2,22.999994165117,57.417185433798
"V",1.75,32,0,7,0,7,6,0,"N",1,3,3,22.999994165117,70.4374821306707
"M",1.65,18,0,5,2,14,4,0,"N",2,2,2,22.999994165117,62.6174841145309
"M",1.62,43,0,0,0,10,5,0,"N",0,0,0,22.999994165117,60.361184686933
"V",1.75,46,0,0,0,3,3,0,"N",1,4,4,22.999994165117,70.4374821306707
"V",1.64,30,0,18,3,18,9,0,"N",0,1,2,22.999994165117,61.8607843064986
"M",1.71,51,40,9,6,10,3,2,"N",2,4,4,21.1503742457397,61.8458093319674
"V",1.77,29,0,0,0,2,3,0,"N",0,1,1,22.999994165117,72.056681719895
"M",1.64,51,0,11,1,0,0,0,"N",2,4,4,22.999994165117,61.8607843064986
"V",1.81,21,0,5,0,10,0,3,"N",1,2,4,22.999994165117,75.3502808843397
"V",1.74,28,0,8,2,1,0,0,"S",0,0,0,22.999994165117,69.6347823343081
"V",1.82,52,50,0,1,16,9,0,"N",1,3,3,20.6879692658953,68.5268293963518
"V",1.68,36,50,12,0,9,2,0,"N",2,2,2,20.6879692658953,58.389724456063
"M",1.62,52,0,25,2,15,5,0,"N",1,1,2,22.999994165117,60.361184686933
"V",1.68,51,0,7,0,26,13,0,"N",1,3,2,22.999994165117,64.9151835316261
"M",1.69,45,30,9,0,10,8,0,"N",1,2,3,21.612779225584,61.7282587461904
"M",1.64,52,10,7,1,8,4,0,"N",2,4,3,22.5375891852726,60.6170998727093
"M",1.67,18,0,9,4,0,0,0,"N",0,1,3,22.999994165117,64.1446837270947
"M",1.62,46,0,0,0,0,11,0,"N",0,3,3,22.999994165117,60.361184686933
"V",1.78,30,0,24,7,4,3,0,"N",2,4,4,22.999994165117,72.8731815127566
"M",1.7,51,30,0,1,0,0,0,"N",1,1,0,21.612779225584,62.4609319619377
"M",1.65,24,0,12,6,4,0,0,"N",0,2,2,22.999994165117,62.6174841145309
"V",1.8,22,0,0,7,25,9,1,"N",0,0,1,22.999994165117,74.519981094979
"V",1.74,23,0,6,8,6,8,3,"N",3,3,3,22.999994165117,69.6347823343081
"V",1.79,32,50,2,0,16,11,0,"N",1,2,2,20.6879692658953,66.2863223248553
"V",1.77,39,0,12,0,5,0,0,"N",3,4,4,22.999994165117,72.056681719895
"M",1.68,48,0,0,0,15,5,0,"N",1,1,2,22.999994165117,64.9151835316261
"V",1.89,42,0,13,0,0,0,0,"S",3,3,2,22.999994165117,82.1582791572143
"M",1.66,53,10,0,2,18,4,0,"S",2,4,3,22.5375891852726,62.1045807589373
"V",1.9,57,0,0,4,0,0,0,"N",3,4,4,22.999994165117,83.0299789360722
"M",1.64,35,0,12,3,0,3,0,"N",1,3,1,22.999994165117,61.8607843064986
"M",1.67,38,30,0,1,12,6,0,"N",0,3,4,21.612779225584,60.2758799822312
"V",1.74,24,0,11,0,0,0,0,"N",1,2,2,22.999994165117,69.6347823343081
"M",1.62,48,200,18,3,0,0,4,"N",2,2,2,13.7518945682305,36.0904721048641
"M",1.66,51,0,1,3,2,1,0,"N",3,4,4,22.999994165117,63.3787839213963
"M",1.61,47,0,0,4,10,3,0,"N",1,2,1,22.999994165117,59.6182848753997
"M",1.66,37,0,2,0,0,0,0,"N",3,4,4,22.999994165117,63.3787839213963
"M",1.6,75,0,0,0,12,3,0,"N",1,3,4,22.999994165117,58.8799850626994
"V",1.73,36,0,0,1,0,5,0,"N",1,3,2,22.999994165117,68.8366825367786
"V",1.71,34,0,0,5,0,0,0,"N",2,3,2,22.999994165117,67.2542829382185
"M",1.68,18,90,0,1,0,0,0,"N",3,4,2,18.8383493465181,53.1693571956125
"M",1.61,34,0,0,0,3,1,0,"N",0,1,0,22.999994165117,59.6182848753997
"V",1.78,23,0,0,0,5,0,0,"N",2,4,4,22.999994165117,72.8731815127566
"M",1.73,18,0,3,0,0,0,0,"N",2,4,4,22.999994165117,68.8366825367786
"V",1.72,58,0,11,0,11,2,0,"N",1,4,4,22.999994165117,68.043182738082
"M",1.66,70,50,14,0,0,0,0,"N",1,2,4,20.6879692658953,57.0077681091012
"V",1.73,57,20,0,0,0,0,0,"N",1,2,2,22.0751842054283,66.0688188084264
"M",1.75,56,0,0,0,5,0,0,"N",1,3,1,22.999994165117,70.4374821306707
"M",1.63,42,0,10,2,0,0,0,"N",2,3,1,22.999994165117,61.1086844972993
"V",1.65,57,10,8,0,1,0,0,"N",2,3,4,22.5375891852726,61.3585865569048
"M",1.66,48,0,0,4,10,0,0,"N",1,2,1,22.999994165117,63.3787839213963
"V",1.73,34,0,2,1,0,1,0,"N",1,1,2,22.999994165117,68.8366825367786
"M",1.71,26,40,17,8,0,5,0,"N",1,1,0,21.1503742457397,61.8458093319674
"M",1.72,41,0,0,3,0,10,0,"S",3,4,4,22.999994165117,68.043182738082
"V",1.81,39,0,2,2,0,6,0,"N",0,1,2,22.999994165117,75.3502808843397
"M",1.67,42,0,6,0,17,7,0,"N",0,2,2,22.999994165117,64.1446837270947
"V",1.82,18,0,6,0,6,7,0,"N",1,3,2,22.999994165117,76.1851806725334
"V",1.83,38,30,0,2,9,8,0,"N",1,2,3,21.612779225584,72.3790363485583
"M",1.61,39,0,0,1,3,4,0,"N",2,1,0,22.999994165117,59.6182848753997
"M",1.69,53,0,8,7,0,3,0,"N",1,1,0,22.999994165117,65.6902833349906
"V",1.77,45,20,0,0,14,2,3,"N",2,2,2,22.0751842054283,69.1593445971864
"V",1.82,40,0,0,0,15,12,0,"N",0,1,1,22.999994165117,76.1851806725334
"M",1.61,19,0,0,0,24,11,0,"N",2,3,4,22.999994165117,59.6182848753997
"V",1.74,29,0,9,3,1,0,0,"N",1,2,2,22.999994165117,69.6347823343081
"V",1.66,34,0,9,0,10,13,0,"N",1,4,4,22.999994165117,63.3787839213963
"M",1.67,40,0,0,4,20,12,0,"N",2,3,4,22.999994165117,64.1446837270947
"V",1.74,30,0,6,0,10,12,0,"N",1,4,3,22.999994165117,69.6347823343081
"M",1.73,65,0,10,0,9,5,9,"N",1,4,3,22.999994165117,68.8366825367786
"M",1.72,50,0,21,0,0,1,0,"N",2,4,4,22.999994165117,68.043182738082
"V",1.71,29,0,12,0,20,13,0,"N",2,2,1,22.999994165117,67.2542829382185
"M",1.7,29,0,0,1,3,4,0,"N",2,1,2,22.999994165117,66.469983137188
"V",1.72,35,0,11,0,10,0,0,"N",1,4,3,22.999994165117,68.043182738082
"V",1.8,28,0,7,0,0,0,0,"N",0,1,1,22.999994165117,74.519981094979
"V",1.78,21,0,0,0,20,8,0,"N",0,3,3,22.999994165117,72.8731815127566
"V",1.78,70,0,0,2,4,0,0,"N",1,2,3,22.999994165117,72.8731815127566
"M",1.65,48,110,2,0,12,1,5,"S",0,2,1,17.9135393868294,48.7696109806431
"V",1.71,46,0,8,2,1,3,0,"N",0,0,0,22.999994165117,67.2542829382185
"V",1.7,21,0,0,0,0,0,0,"N",3,3,4,22.999994165117,66.469983137188
"M",1.6,31,0,0,0,11,8,0,"N",3,4,4,22.999994165117,58.8799850626994
"M",1.7,23,0,0,2,13,4,0,"N",1,2,3,22.999994165117,66.469983137188
"V",1.76,58,0,0,0,6,10,0,"N",2,3,3,22.999994165117,71.2447819258663
"M",1.64,18,170,0,0,0,3,0,"N",3,4,4,15.1391095077635,40.7181489320806
"V",1.78,18,0,1,8,0,0,0,"N",0,0,0,22.999994165117,72.8731815127566
"V",1.76,67,10,0,2,13,5,1,"S",3,4,4,22.5375891852726,69.8124362603005
"V",1.75,59,0,0,3,0,8,0,"N",3,3,3,22.999994165117,70.4374821306707
"M",1.58,51,70,0,1,0,4,0,"N",2,4,4,19.7631593062067,49.3367508920144
"M",1.6,38,70,0,0,20,12,0,"N",1,1,0,19.7631593062067,50.5936878238892
"V",1.83,48,0,0,0,5,2,2,"N",1,2,2,22.999994165117,77.0246804595602
"V",1.77,24,0,0,1,0,0,0,"N",0,1,1,22.999994165117,72.056681719895
"V",1.72,18,20,0,3,0,5,0,"N",2,2,1,22.0751842054283,65.3072249533391
"V",1.76,21,0,10,0,0,4,0,"N",1,2,1,22.999994165117,71.2447819258663
"V",1.78,34,0,0,0,1,2,0,"N",0,2,2,22.999994165117,72.8731815127566
"M",1.74,59,0,22,5,9,5,0,"N",3,4,3,22.999994165117,69.6347823343081
"M",1.67,55,0,12,5,19,8,2,"N",2,4,4,22.999994165117,64.1446837270947
"V",1.76,52,0,2,6,0,0,0,"N",1,1,1,22.999994165117,71.2447819258663
"M",1.67,61,10,1,0,3,13,0,"N",1,2,2,22.5375891852726,62.8550824788069
"V",1.75,49,0,2,0,15,3,0,"N",0,0,1,22.999994165117,70.4374821306707
"V",1.75,41,0,5,0,7,5,0,"S",1,2,1,22.999994165117,70.4374821306707
"V",1.74,36,0,10,6,9,6,0,"N",2,2,3,22.999994165117,69.6347823343081
"M",1.74,33,0,19,5,18,3,0,"N",2,2,2,22.999994165117,69.6347823343081
"M",1.6,26,0,8,2,0,0,0,"N",2,4,3,22.999994165117,58.8799850626994
"M",1.7,48,60,0,0,17,5,0,"N",1,3,3,20.225564286051,58.4518807866875
"M",1.61,24,70,3,3,9,0,0,"N",0,1,0,19.7631593062067,51.2280852376184
"V",1.71,18,0,8,2,0,0,0,"N",3,4,4,22.999994165117,67.2542829382185
"V",1.77,29,50,6,0,11,8,0,"S",0,1,1,20.6879692658953,64.8133389131235
"V",1.72,35,110,4,0,16,6,3,"N",1,3,3,17.9135393868294,52.9954149219961
"M",1.6,35,0,0,2,6,4,0,"N",1,1,1,22.999994165117,58.8799850626994
"M",1.61,33,0,1,0,10,3,0,"N",2,2,3,22.999994165117,59.6182848753997
"M",1.62,42,0,17,0,8,1,2,"N",1,2,2,22.999994165117,60.361184686933
"M",1.7,78,0,18,9,9,1,0,"N",1,3,3,22.999994165117,66.469983137188
"V",1.68,57,0,4,0,6,0,0,"N",1,1,2,22.999994165117,64.9151835316261
